Datetime,ABS_640,ABS_520,ABS_365,AAE,Scat_700,Scat_550,Scat_450,BS_700,BS_550,BS_450,SAE,SSA_700,SSA_550,SSA_450
'01-Jul-2022 00:00:00',0.95710348,1.073434185,1.32270834,0.578553083,7.867322565,11.45747505,15.54425492,1.493394333,1.292183417,2.063324896,1.559595733,0.893383929,0.915891228,0.928638928
'01-Jul-2022 00:10:00',1.022391237,1.157864568,1.45412699,0.626729019,9.925371802,14.31778686,19.22504842,1.192552917,1.47633775,2.335981333,1.497845438,0.911074167,0.927493704,0.937733258
'01-Jul-2022 00:20:00',1.095334519,1.247263923,1.625195934,0.707261021,9.919075415,15.04873672,20.23743693,1.663326,1.475996833,2.731615,1.618961396,0.905879529,0.926153985,0.935148811
'01-Jul-2022 00:30:00',1.007266353,1.132077147,1.432119024,0.627162247,9.488337111,13.6869317,17.95141736,1.77836,1.531358583,2.57003,1.456435464,0.907606186,0.925952939,0.934481002
'01-Jul-2022 00:40:00',1.122466941,1.267361894,1.587412816,0.616163389,9.171623455,14.26085032,19.31585218,1.376836583,1.756852917,1.905743417,1.691036321,0.896292887,0.921017861,0.932708499
'01-Jul-2022 00:50:00',1.960979524,2.282669089,3.019272499,0.769132586,10.13445892,15.8012524,20.99882387,1.463526167,1.940321583,1.96035575,1.65676115,0.846705756,0.878807657,0.891347591
'01-Jul-2022 01:00:00',3.03668125,3.599511999,4.864985976,0.829664202,10.46935841,16.93095677,23.70959915,1.721765667,2.052027833,5.399444167,1.853433197,0.790585883,0.833399639,0.855204107
'01-Jul-2022 01:10:00',2.713123569,3.189824511,4.256049827,0.800579067,10.92469882,17.49776502,23.74953501,1.601181,1.885144167,2.8451925,1.765586259,0.81212071,0.851917929,0.868874607
'01-Jul-2022 01:20:00',2.14005335,2.495307771,3.271774706,0.756497023,11.36332515,17.8344863,24.08197264,1.977549333,1.934819833,2.1926185,1.710892452,0.849845724,0.881702648,0.896038646
'01-Jul-2022 01:30:00',2.508674995,2.932587756,3.87274457,0.772977894,11.2257443,18.19540779,24.66488883,1.63955725,1.883189083,3.543231667,1.791302463,0.827909207,0.86666521,0.882294886
'01-Jul-2022 01:40:00',1.488101918,1.714984598,2.212399768,0.703572237,10.85818094,16.98474806,23.10153823,1.931429417,2.017737,3.561001667,1.71643887,0.88616859,0.911551887,0.92385725
'01-Jul-2022 01:50:00',1.337761348,1.536612929,1.968352166,0.688461143,11.17578594,17.24356515,22.00121663,1.658629917,1.918058,4.127702083,1.544499139,0.898648151,0.9210963,0.928105039
'01-Jul-2022 02:00:00',2.753765901,3.764263608,5.063957875,0.864674744,11.99154388,18.06965269,23.62942262,1.926155417,1.785156583,3.68164775,1.544992989,0.842222401,0.855795612,0.869232145
'01-Jul-2022 02:10:00',35.48092489,36.6470626,52.8849924,0.745578123,12.07417816,18.00640544,23.81978065,1.868576167,2.0392845,4.632723167,1.541737197,0.262613077,0.334649311,0.349202286
'01-Jul-2022 02:20:00',13.37294931,14.06527878,17.05714599,0.708723708,11.57884699,17.93565494,23.08536779,1.485966083,2.074525833,2.87508125,1.572366034,0.697117275,0.740639342,0.744918171
'01-Jul-2022 02:30:00',1.462559971,1.536617402,1.926031346,0.462627193,11.79720489,17.71317059,22.09404992,2.006900083,2.128499417,4.071438646,1.431737814,0.895447458,0.922068343,0.928177767
'01-Jul-2022 02:40:00',NaN,NaN,NaN,NaN,10.63480769,15.3304753,21.1232848,1.418360167,1.70635575,3.794167583,1.550644737,NaN,NaN,NaN
'01-Jul-2022 02:50:00',1.12616409,1.289965169,1.58331865,0.592057951,9.435557948,13.34718669,17.15322509,1.6731005,1.57523575,2.6992175,1.355066853,0.898283972,0.914587693,0.925023383
'01-Jul-2022 03:00:00',21.59775282,29.93198098,28.98585413,0.295601553,9.580380792,13.74378985,17.03259341,1.59657475,1.725682083,3.16968,1.307345118,0.377536953,0.409594548,0.468387765
'01-Jul-2022 03:10:00',1.386928407,1.459600564,2.187524491,0.946175721,9.765108786,13.06200247,16.95567513,1.520688667,1.416124917,3.961130833,1.246385172,0.884287873,0.903016351,0.902386011
'01-Jul-2022 03:20:00',0.91261631,1.038638212,1.347934502,0.692120533,9.234425854,13.45108792,16.72310012,1.278076917,1.512783083,3.0142525,1.353080248,0.914537043,0.93079013,0.93519863
'01-Jul-2022 03:30:00',0.883847933,1.058584853,1.720063098,1.176034141,9.718266858,14.04677366,17.33149816,1.454312917,1.789420833,1.769179167,1.321941202,0.9242224,0.934373062,0.928824526
'01-Jul-2022 03:40:00',0.975984507,1.194758403,2.478026963,1.701469946,9.949894326,14.64284748,18.55081211,1.622228083,1.5715395,2.570849167,1.419238942,0.92218945,0.930796789,0.91449213
'01-Jul-2022 03:50:00',1.131341802,1.081809703,2.650841701,1.648887207,10.12325196,14.48507877,18.16903842,1.716347417,1.707758667,2.11749875,1.332255759,0.916936277,0.935354704,0.907665994
'01-Jul-2022 04:00:00',18.54163692,20.72735789,25.08227594,0.538116108,10.1741061,14.24711217,18.85654143,1.875522583,1.791414917,2.843354167,1.39865328,0.361632794,0.422446593,0.461602209
'01-Jul-2022 04:10:00',0.806006405,0.974978488,1.169136256,0.646332021,10.10649473,14.1940263,17.97341186,1.515743,1.909595833,3.245086458,1.312808509,0.921493952,0.940661127,0.945301606
'01-Jul-2022 04:20:00',0.992932931,3.69086135,1.434686586,0.299467996,10.44582943,14.34067784,18.57216668,2.017845083,1.629815833,3.29945325,1.303617486,0.919274732,0.803119385,0.933653996
'01-Jul-2022 04:30:00',21.8710436,16.73293648,28.3513948,0.645054034,11.10381166,15.32891736,19.28643298,1.809754667,1.90653825,2.60705875,1.253939976,0.489439655,0.573723073,0.545703391
'01-Jul-2022 04:40:00',1.338276231,1.714491375,4.534681339,2.328064915,10.83046546,16.12069759,19.43155159,1.658895083,2.1089975,3.139359167,1.330448055,0.909604284,0.913744718,0.873307683
'01-Jul-2022 04:50:00',1.077399431,2.006857463,3.80175846,2.253459237,10.08597906,14.62421924,18.63911201,1.441546417,1.853540833,2.455096167,1.394288306,0.919497128,0.892855465,0.886530836
'01-Jul-2022 05:00:00',23.47681722,19.80490349,24.20977738,0.209517933,9.631086727,13.92154403,18.67965592,1.641825667,1.685087667,4.663716667,1.498486095,0.539758444,0.548604779,0.620819327
'01-Jul-2022 05:10:00',11.41211869,12.13647096,13.13916791,0.713139839,9.522655971,13.12782281,16.67520861,1.550238167,1.596899833,2.164370167,1.269805072,0.616465819,0.646778201,0.66846717
'01-Jul-2022 05:20:00',1.399624166,1.818053617,2.94936237,1.420507446,9.178029164,13.65199555,16.58322985,1.774438,1.685726417,2.921183333,1.357478099,0.886377876,0.89251278,0.884163245
'01-Jul-2022 05:30:00',0.833507254,1.092461953,1.889776814,1.467765223,7.983386206,12.81052442,15.62032966,1.06701475,1.534532417,2.4976,1.541964177,0.91516586,0.925964684,0.917313159
'01-Jul-2022 05:40:00',0.795233156,1.038937808,1.832633875,1.500235236,6.17215475,9.575249618,13.44511614,1.035985667,1.181412333,3.330342083,1.778412019,0.897603464,0.909242031,0.909181174
'01-Jul-2022 05:50:00',0.644416475,0.853371382,1.56987699,1.606324025,6.120928728,8.947073649,11.83832531,1.023715417,0.940671083,2.136439375,1.493383731,0.916443413,0.919506069,0.913059833
'01-Jul-2022 06:00:00',0.72695328,0.947266626,1.692176943,1.519027683,5.492802761,8.450234745,11.1539975,0.5602595,0.847652917,2.902547604,1.610438483,0.89602264,0.906619719,0.900098505
'01-Jul-2022 06:10:00',0.8329566,1.08266145,1.884041105,1.470730625,5.610808039,8.181861519,10.41698669,0.817769417,0.776803167,4.012613889,1.40790917,0.884789291,0.891225162,0.881675049
'01-Jul-2022 06:20:00',0.823570218,1.065400649,1.829127352,1.452542243,5.516645253,8.184233746,10.61891178,0.831848963,0.725187987,2.139549767,1.520990885,0.884141409,0.892972508,0.887174146
'01-Jul-2022 06:30:00',13.21115182,23.1754159,22.31521548,1.163359628,5.267597503,7.797934519,10.54022614,0.80709133,0.912682927,2.027843567,1.590732733,0.469781746,0.491208468,0.529137505
'01-Jul-2022 06:40:00',2.583514344,2.971056778,4.445692078,1.025146489,5.285642574,7.914250379,9.548350145,0.96329391,0.890060219,2.544446792,1.354639136,0.69910805,0.741674346,0.732016105
'01-Jul-2022 06:50:00',0.922932568,1.190996063,2.117692426,1.494413788,4.65043317,7.429635616,8.951120081,0.73502591,0.758495323,2.500129389,1.503991454,0.850169615,0.870606842,0.850831452
'01-Jul-2022 07:00:00',0.801334178,1.060608548,1.83723636,1.485263247,4.387222134,6.987816544,9.771635972,0.713601567,0.855676947,1.5615329,1.824747363,0.860937114,0.876967204,0.878550706
'01-Jul-2022 07:10:00',1.096552988,1.383641437,2.181453671,1.241021422,4.678703748,7.374051633,9.999663957,0.826991647,0.87907537,2.395841617,1.734006117,0.825948226,0.851311338,0.855154533
'01-Jul-2022 07:20:00',1.747758323,2.126597264,3.01739308,0.994710971,6.834677084,9.631894534,13.49095244,0.686414907,1.20626137,3.1749775,1.557697985,0.811483761,0.828535915,0.846339065
'01-Jul-2022 07:30:00',1.40858479,1.754975199,2.809280696,1.276611998,7.211438209,10.66405552,13.68371922,1.211992173,1.394845867,2.1326452,1.454332114,0.851030631,0.866252332,0.864280874
'01-Jul-2022 07:40:00',1.170105995,1.479746767,2.444803038,1.322445904,7.121067157,10.22867424,12.76860947,0.98677982,1.078561777,3.379634,1.324340875,0.872330834,0.880965395,0.872877965
'01-Jul-2022 07:50:00',1.129316961,1.401161061,2.268863882,1.258776039,6.813849346,9.824922214,11.64976855,1.018301167,1.090445983,0.749874833,1.246883341,0.869396341,0.882847946,0.869796243
'01-Jul-2022 08:00:00',2.050545512,2.511970768,3.625943542,1.024184557,7.604294056,9.836311184,13.2186863,1.13892827,1.400368917,2.68481594,1.251993456,0.801552614,0.805143079,0.818499167
'01-Jul-2022 08:10:00',1.60151677,1.952884389,2.836282399,1.022488902,7.189534056,9.73630416,12.58881268,1.030379547,1.15039375,3.686191667,1.266774202,0.83088768,0.840783277,0.845853173
'01-Jul-2022 08:20:00',1.874110815,2.299549847,3.275203032,0.995536281,20.53187778,22.21909751,23.07875395,2.71166367,2.62973628,4.340878317,0.503120784,0.80598774,0.825640175,0.813944709
'01-Jul-2022 08:30:00',NaN,NaN,NaN,NaN,8.421267372,9.891548728,11.78897609,1.602757563,1.092002904,1.273553604,0.288625164,NaN,NaN,NaN
'01-Jul-2022 08:40:00',NaN,NaN,NaN,NaN,6.542696348,6.791627371,8.350373575,0.553221922,0.836095694,2.525443917,0.297851946,NaN,NaN,NaN
'01-Jul-2022 08:50:00',NaN,NaN,NaN,NaN,8.906543832,11.22157385,13.98110128,1.183885917,1.320032077,3.367694708,1.037783933,NaN,NaN,NaN
'01-Jul-2022 09:00:00',NaN,NaN,NaN,NaN,7.997122652,9.667501859,11.37421075,0.990177683,1.104581637,2.383118583,0.814928956,NaN,NaN,NaN
'01-Jul-2022 09:10:00',NaN,NaN,NaN,NaN,7.750047965,9.778184907,11.49776009,0.877872713,0.92848129,3.273567583,0.900583248,NaN,NaN,NaN
'01-Jul-2022 09:20:00',NaN,NaN,NaN,NaN,9.01745871,10.96439314,11.80764645,1.227413867,1.26507485,2.450672547,0.62412228,NaN,NaN,NaN
'01-Jul-2022 09:30:00',NaN,NaN,NaN,NaN,8.873958034,11.16652742,12.400959,1.26553681,1.241808187,2.611725533,0.761990398,NaN,NaN,NaN
'01-Jul-2022 09:40:00',0.637898111,0.820285022,1.792997556,1.879822148,7.337843616,9.399377176,10.95134577,1.304096153,1.1003488,2.95317675,0.931383937,0.922590605,0.924451949,0.901963238
'01-Jul-2022 09:50:00',0.488938609,0.5356091,0.722325315,0.729221908,8.605632924,10.16387639,12.59466223,1.135783857,1.233624623,2.942773117,0.858049447,0.948092987,0.950626044,0.952846907
'01-Jul-2022 10:00:00',0.685807657,0.753186219,1.065427505,0.836269065,7.443787193,9.720293358,11.75536673,0.994048063,0.93527796,2.363163375,1.045698382,0.919895407,0.93125332,0.9283425
'01-Jul-2022 10:10:00',0.488467275,0.545723764,0.90360239,1.278165251,7.688078326,9.971238035,12.38532784,1.368571667,1.228487433,2.159037708,1.083005924,0.945837231,0.950905864,0.946344217
'01-Jul-2022 10:20:00',0.866993237,0.960179815,1.314159263,0.870462345,7.397301282,10.04599925,11.35909892,1.32430435,0.856491177,1.217912375,0.988982169,0.903158403,0.91633539,0.91221983
'01-Jul-2022 10:30:00',11.10625705,13.44291663,23.53892619,1.216179104,8.01167636,10.21635555,10.48257451,1.53082304,1.052226717,3.070062167,0.699475284,0.483603591,0.495701004,0.433874353
'01-Jul-2022 10:40:00',2.138809051,2.603306236,4.396625538,1.298671243,9.74154727,11.44216991,12.20340521,1.980335823,1.432162807,3.022049313,0.499130136,0.849907753,0.840950278,0.804479838
'01-Jul-2022 10:50:00',1.26106461,1.518109978,3.116459335,1.669607308,18.58072506,21.18020929,21.13898812,3.525087487,3.657835527,4.543217708,0.495204451,0.930693692,0.928771547,0.894191382
'01-Jul-2022 11:00:00',2.865200283,3.301276527,5.608806411,1.2362087,17.15776266,19.46855226,19.92248357,2.771521317,2.902965333,5.243325147,0.359019125,0.873489672,0.866660543,0.826155222
'01-Jul-2022 11:10:00',2.652392465,3.171586156,5.278395137,1.227566836,14.18889333,17.60805162,19.02088574,2.223545883,2.382641283,4.570621563,0.704042194,0.863108569,0.865170608,0.827588351
'01-Jul-2022 11:20:00',1.05295259,1.234280298,1.655692208,0.706635077,11.31493469,16.14284457,20.23095676,1.737284947,1.879930207,3.186712283,1.364302211,0.908781691,0.929967681,0.930918568
'01-Jul-2022 11:30:00',0.689002367,0.80069379,1.165778447,0.946073151,10.92584382,16.4467814,21.09412325,1.310740733,1.804444067,2.789119367,1.495588397,0.945169016,0.95583094,0.956630759
'01-Jul-2022 11:40:00',0.503749688,0.609475013,0.911243983,1.064491157,7.314289497,10.98286393,14.29939862,1.365788567,1.37975524,2.471805067,1.510447495,0.939465747,0.949529582,0.949849175
'01-Jul-2022 11:50:00',1.964279571,2.416221448,3.585292917,1.077344565,5.465562361,7.788841233,9.986224615,0.871396367,0.957903933,1.920834004,1.310938648,0.746650896,0.754187274,0.766236592
'01-Jul-2022 12:00:00',1.453338409,1.79115071,2.675220845,1.091354841,4.466200754,6.130247218,6.047624371,0.46508538,0.7408836,3.052729667,0.664794497,0.770361186,0.782879731,0.732214514
'01-Jul-2022 12:10:00',1.627143255,2.009398926,2.989738033,1.088474175,4.436870344,5.402581429,6.909542495,1.010126111,0.729144833,2.417151194,0.997868278,0.749298898,0.740501015,0.743360054
'01-Jul-2022 12:20:00',1.977447512,2.416763266,3.542901178,1.08555886,4.166899899,5.344337224,7.283548841,0.717381417,0.527164737,2.73245782,1.326378179,0.709055101,0.716984888,0.73202396
'01-Jul-2022 12:30:00',1.460590813,1.798268967,2.669700783,1.083389552,3.329838135,4.649339878,5.285911045,0.5784585,0.64926075,2.526566333,0.968227201,0.711102216,0.7302265,0.702246788
'01-Jul-2022 12:40:00',1.979649329,2.432964662,3.624270041,1.083273287,3.979126509,5.955002483,7.366606577,0.54723175,0.761544083,2.219686667,1.391717126,0.677102984,0.722552092,0.705379224
'01-Jul-2022 12:50:00',3.256817466,3.993180099,5.835587953,1.054967473,7.442670867,9.971326042,12.39789203,1.149888333,1.63694025,3.129331458,1.15137166,0.716270667,0.725838846,0.726546866
'01-Jul-2022 13:00:00',2.83316126,3.681344069,5.610416728,1.239907777,7.444660882,11.54521005,13.48890972,1.536090917,1.476588083,2.612354917,1.383204451,0.750200044,0.775854311,0.758025133
'01-Jul-2022 13:10:00',0.593650773,0.766090446,1.193204055,1.252864971,3.367280005,5.133833049,5.634608541,0.56654925,0.562428333,1.388105625,1.137852669,0.873719962,0.889226107,0.870930689
'01-Jul-2022 13:20:00',0.704389987,0.871037418,1.287724943,1.107753178,4.580780787,7.549505865,10.09451371,1.041125833,0.839108667,0.5557805,1.861587632,0.885155161,0.907042885,0.91378188
'01-Jul-2022 13:30:00',0.835850143,1.024658469,1.519705109,1.069423326,6.878136041,12.14767143,16.57184083,1.081982583,1.651579167,3.477730833,2.010494923,0.900031229,0.926241083,0.931614234
'01-Jul-2022 13:40:00',1.842448775,2.255915292,3.309189642,1.05542882,8.184267285,12.47282448,17.81500337,1.523538917,1.764544083,3.288795833,1.759412202,0.832681848,0.857842289,0.871643705
'01-Jul-2022 13:50:00',2.388494143,2.916578315,4.230966253,1.020626621,8.704735057,13.07147502,17.48745157,1.759684833,1.634648167,4.132568333,1.590700621,0.799209342,0.826124134,0.836734089
'01-Jul-2022 14:00:00',3.887278844,4.736669536,6.825258277,1.011220481,9.037153222,13.53889002,17.4325388,0.795418,1.7465475,3.517511667,1.50050496,0.724701132,0.757511512,0.765730563
'01-Jul-2022 14:10:00',4.100495242,4.992499437,7.165836976,0.997805111,9.803582001,12.82698722,18.00861799,1.667463333,1.878233667,3.563414833,1.370569994,0.726002825,0.733847588,0.758179815
'01-Jul-2022 14:20:00',2.866284166,3.494847925,5.062744869,1.01665686,9.854262203,13.67727818,16.80901035,1.518384167,1.71889375,3.456922222,1.209733438,0.790132288,0.805223445,0.803709181
'01-Jul-2022 14:30:00',2.69520568,3.287431158,4.73715866,1.007027845,9.806890029,13.83101425,17.12040653,1.649181417,1.590038917,2.589082,1.273491959,0.798619828,0.816610747,0.81699056
'01-Jul-2022 14:40:00',2.43550426,2.968116714,4.282450518,1.007906451,8.874593199,12.82195429,16.48938051,1.168199667,1.682912417,3.879800833,1.408077612,0.79929216,0.820334795,0.826175591
'01-Jul-2022 14:50:00',2.131694742,2.594808847,3.750048912,1.009573573,7.955033532,13.04063991,15.59115203,1.445817917,1.511137,2.130180313,1.548682126,0.802732084,0.841595957,0.836984161
'01-Jul-2022 15:00:00',1.905100465,2.312360885,3.330323736,0.998339387,7.96682751,11.88652026,15.4853717,1.196838833,1.26348875,3.115126042,1.51541341,0.819981665,0.844771474,0.851510701
'01-Jul-2022 15:10:00',1.441187771,1.759257047,2.518054101,0.998000595,7.641103084,11.05781113,13.66111246,1.311490083,1.01732375,2.004706979,1.314359295,0.853725243,0.869724527,0.870417378
'01-Jul-2022 15:20:00',1.064979771,1.315789542,1.946808269,1.078365227,6.595520612,10.0819038,13.86098795,1.21409375,0.984997417,2.598641667,1.685990325,0.871451038,0.890382727,0.898907547
'01-Jul-2022 15:30:00',1.055955506,1.275666971,1.797415818,0.942769997,7.598911444,10.74861014,14.16615473,1.404132667,0.938113,3.470189583,1.426932664,0.885488235,0.899172397,0.905815306
'01-Jul-2022 15:40:00',0.821788317,0.985092855,1.351095474,0.886800238,7.335568125,12.2550608,16.31384887,1.2551905,1.581518167,2.06668125,1.823186192,0.905538868,0.928877038,0.935476164
'01-Jul-2022 15:50:00',0.862747167,1.036392333,1.404644558,0.866985053,8.096550659,12.92161888,18.68205655,1.592663833,1.6329145,3.748646458,1.893399988,0.910194402,0.928913838,0.94093536
'01-Jul-2022 16:00:00',0.961892122,1.149776333,1.563431022,0.86528474,8.93524234,14.50276408,20.84693128,1.534373083,1.880985333,2.102700167,1.925342041,0.908835855,0.929727444,0.941078145
'01-Jul-2022 16:10:00',0.98877165,1.183035915,1.605578779,0.86305751,8.779064353,14.0399333,19.50922783,1.344537417,1.856513667,3.763622917,1.8123545,0.905400384,0.925605636,0.935622178
'01-Jul-2022 16:20:00',1.000076454,1.194822803,1.617357867,0.856273863,8.798067347,14.51032858,21.06620031,1.689744583,2.005015833,3.85004,1.990274966,0.903811555,0.927140606,0.939676675
'01-Jul-2022 16:30:00',1.033022911,1.236286473,1.688159003,0.874523593,9.174866633,15.00612632,20.91122302,1.60284475,2.125165833,2.5066945,1.87640906,0.905377963,0.927196453,0.936999182
'01-Jul-2022 16:40:00',1.023667779,1.22364231,1.656111434,0.856184828,10.03119893,16.83586653,24.01942095,1.539494583,2.34914275,3.59648725,1.98254872,0.913391306,0.935131302,0.945376238
'01-Jul-2022 16:50:00',1.012861798,1.208693643,1.628390599,0.845243423,11.38896367,18.38504804,26.21811563,2.549319167,2.385631667,3.826330833,1.895775313,0.923446093,0.940730499,0.950507656
'01-Jul-2022 17:00:00',1.183447252,1.41980315,1.937303027,0.876897329,12.5539943,21.18692028,29.44635412,2.394229167,2.785686667,4.499053333,1.939391268,0.920053766,0.940203711,0.948225181
'01-Jul-2022 17:10:00',1.583010563,1.898231032,2.5857968,0.874800927,13.46358662,21.83919271,29.54950987,2.073928167,2.696966667,2.588970833,1.785547434,0.902111219,0.923744318,0.932112833
'01-Jul-2022 17:20:00',1.208741742,1.444429547,1.997715667,0.896339242,12.22552779,20.394356,28.95238985,2.02907,2.788365833,4.64619,1.955429732,0.916338734,0.936775897,0.946066633
'01-Jul-2022 17:30:00',0.912574567,1.081877924,1.457093954,0.834265761,11.66342461,18.80678489,26.1660804,2.12327175,2.591160833,4.1506475,1.835341517,0.932105548,0.947912554,0.955254765
'01-Jul-2022 17:40:00',0.92422662,1.093439848,1.475973723,0.835163739,12.22564557,19.72298187,27.96785624,2.293101667,2.44817625,4.340216667,1.881766671,0.934122135,0.949717127,0.957538675
'01-Jul-2022 17:50:00',1.090241924,1.292788773,1.749172031,0.841143058,12.71546365,20.09417941,28.25378935,2.503591417,2.47141,2.9968175,1.814104569,0.92586278,0.942046595,0.95057735
'01-Jul-2022 18:00:00',1.66430185,2.01884662,2.859441795,0.961808551,9.905431544,15.91929838,22.27156057,1.371075167,1.944670083,3.32746,1.815728368,0.865294253,0.889870117,0.900345186
'01-Jul-2022 18:10:00',3.289612572,3.989155753,5.603993979,0.949655892,9.580895844,15.13522484,19.39221281,1.44354425,1.954230833,3.162699167,1.601193903,0.760356176,0.79930561,0.807479243
'01-Jul-2022 18:20:00',2.892597368,3.501589709,4.90554139,0.940131734,11.14196175,17.40793164,23.6392823,2.107400583,2.148235667,3.451672333,1.713202026,0.806023062,0.83889478,0.854164666
'01-Jul-2022 18:30:00',2.2758071,2.744056688,3.826613914,0.926938315,12.45536407,19.8950393,27.29314259,2.392864167,2.276361,3.552319167,1.783999659,0.855573345,0.883671451,0.896463846
'01-Jul-2022 18:40:00',2.616686815,3.161083941,4.426766996,0.937993234,12.18342248,20.1631119,26.88420189,2.3230065,2.27782725,4.021245833,1.802275383,0.835025423,0.870147091,0.880808736
'01-Jul-2022 18:50:00',1.708742406,2.053419168,2.88189788,0.939495376,13.59157772,21.6078767,29.80927105,1.953730333,2.36238,3.104974167,1.788718725,0.895034869,0.916607523,0.926046168
'01-Jul-2022 19:00:00',1.188549452,1.428718371,2.141189557,1.035351623,14.50584486,22.82969907,31.16087123,2.32326025,2.403273417,3.61671475,1.734965655,0.93057682,0.944130567,0.947877972
'01-Jul-2022 19:10:00',1.098526094,1.301263681,1.845285366,0.921055876,16.48290471,26.28584591,35.46472854,2.74400575,2.710263333,4.756723333,1.741034176,0.942057955,0.955102429,0.958906618
'01-Jul-2022 19:20:00',1.079071744,1.267098713,1.735274667,0.842072068,17.42653584,28.22052351,38.424194,2.3387275,2.671937583,2.852934833,1.797217715,0.945769032,0.959002476,0.96356015
'01-Jul-2022 19:30:00',1.548017018,1.910426581,3.64812154,1.508910892,18.32703488,29.27925211,39.04824612,2.663351,3.002415833,4.783354167,1.722864452,0.931418091,0.943706579,0.937286017
'01-Jul-2022 19:40:00',1.502514839,1.834374105,3.398466707,1.452843999,19.13745577,29.7021894,41.17107446,2.343196167,2.867726667,4.3407675,1.741308081,0.935376578,0.946166217,0.943078231
'01-Jul-2022 19:50:00',1.21050473,1.406419465,1.486071938,0.342657231,21.45213033,34.47303744,48.01145122,3.051509167,3.557186667,6.515614167,1.82840299,0.948016121,0.961449062,0.97195074
'01-Jul-2022 20:00:00',1.250091814,1.446069496,1.665116805,0.494077891,23.5549417,37.77523514,52.10854798,3.906995,3.903991667,6.1803175,1.80311174,0.951628421,0.964045951,0.972033252
'01-Jul-2022 20:10:00',1.262549385,1.442698617,1.836836503,0.667371154,24.3573204,39.67951675,54.78359447,3.585452583,3.772220833,6.653302583,1.841358023,0.953428579,0.966130518,0.971669206
'01-Jul-2022 20:20:00',1.465766394,1.705583098,2.467728159,0.91693789,25.176321,41.95482629,58.00978846,3.6636925,3.944228083,5.871391667,1.896826331,0.949226989,0.962914385,0.96637403
'01-Jul-2022 20:30:00',1.714531483,1.999389415,3.014449578,1.011270166,26.33382451,42.87849819,59.87995329,3.672645833,4.285808333,7.7814,1.864723047,0.943878203,0.957808325,0.96097986
'01-Jul-2022 20:40:00',1.797430936,2.102830592,3.373333323,1.137118225,26.94051064,43.52613974,60.42340415,3.972934583,4.330185833,7.078938333,1.833872254,0.943140983,0.956649364,0.957943073
'01-Jul-2022 20:50:00',1.806468963,2.09967035,3.025139375,0.923646758,25.93890684,44.39256418,61.00038073,3.894515833,4.326816667,5.302076667,1.9444728,0.93975983,0.956980597,0.960754194
'01-Jul-2022 21:00:00',1.638242017,1.896291508,2.682284005,0.885559609,27.70378392,46.54879127,64.84026047,3.7725725,4.64008,5.754185083,1.93137,0.94819768,0.962672924,0.966811294
'01-Jul-2022 21:10:00',1.354283198,1.556039882,1.853854738,0.530472047,28.29484787,47.05962661,64.44158858,4.094347333,4.576675,5.543007167,1.871670341,0.956395858,0.968917952,0.975048725
'01-Jul-2022 21:20:00',1.292111102,1.478635717,1.54021484,0.286231765,27.6513982,46.28752646,63.54070607,4.044665083,4.4065,7.903945417,1.891266727,0.956417436,0.969523938,0.977696944
'01-Jul-2022 21:30:00',1.333221483,1.524275018,1.690894812,0.409407687,27.21401659,44.75737915,62.69361848,3.788730833,4.209283333,4.201539167,1.895158127,0.95487393,0.967780702,0.975835277
'01-Jul-2022 21:40:00',1.347262948,1.546373412,1.823535702,0.530875387,26.31936126,43.86672486,62.49596085,3.836043833,4.0223,6.93153075,1.962289816,0.953454107,0.96691009,0.974538521
'01-Jul-2022 21:50:00',1.331692364,1.540731488,1.876412925,0.604755507,26.04510267,42.8577882,59.52760928,3.4548615,4.208725,6.781563833,1.877827723,0.953789134,0.966415885,0.972980594
'01-Jul-2022 22:00:00',1.394672182,1.622170053,2.051993841,0.684947342,25.6242523,42.22370132,59.14992013,3.631309167,4.331570833,6.09632,1.899698983,0.951271238,0.964334867,0.970813878
'01-Jul-2022 22:10:00',1.367333563,1.590996901,2.043766855,0.714800626,24.65507404,40.39328486,57.26734497,3.415041083,3.77709,4.760128333,1.912903439,0.950520512,0.963534817,0.970186275
'01-Jul-2022 22:20:00',1.275352479,1.491076579,1.908905334,0.715379038,23.62398513,37.96098483,51.74328703,3.608525833,3.7933475,5.32338,1.78279923,0.951804845,0.963660364,0.969257799
'01-Jul-2022 22:30:00',1.013999017,1.176724835,1.494759971,0.688286608,20.77109512,32.55856481,44.64090657,2.978784167,3.343635,3.830087333,1.736003014,0.956145538,0.966430338,0.971863104
'01-Jul-2022 22:40:00',0.888924771,1.035924693,1.320883819,0.702794364,19.59530073,30.36337658,41.20042698,2.617552083,3.130150833,4.1062495,1.689764,0.959073733,0.968240666,0.973081186
'01-Jul-2022 22:50:00',0.932258462,1.094332562,1.432798375,0.762423789,18.76098247,28.93364794,38.83811514,2.480145,2.8313225,4.2577175,1.651154121,0.955652139,0.965014925,0.969490282
'01-Jul-2022 23:00:00',1.152218353,1.370436478,1.992585699,0.969462816,17.51888876,26.95192453,37.07970863,2.642425833,2.815464917,4.102631667,1.699848179,0.943101853,0.953838567,0.958047454
'01-Jul-2022 23:10:00',1.303415983,1.571423726,2.626490778,1.264730337,16.90434142,26.59080348,35.19133568,2.493859083,2.698105,4.648620521,1.666632266,0.93557617,0.947817847,0.945877963
'01-Jul-2022 23:20:00',1.010410396,1.212139889,1.800888871,0.982209309,15.97374202,24.04003275,32.08936065,2.315767583,2.538684,2.058622417,1.579987539,0.945494121,0.95463234,0.957239711
'01-Jul-2022 23:30:00',0.881926395,1.054606286,1.332884648,0.727224167,15.27450897,22.67044408,30.32790899,1.924949917,2.404208333,4.966384167,1.55702065,0.948557027,0.957194425,0.963602363
'01-Jul-2022 23:40:00',0.875471083,1.039194386,1.346219942,0.762298681,14.8193015,22.2544808,28.8152452,1.932771167,2.139973333,2.587795,1.511498815,0.947608841,0.957142834,0.961633
'01-Jul-2022 23:50:00',0.85528604,1.021395387,1.33528898,0.789522631,14.63501897,21.15224086,27.44706025,1.9062775,2.096661583,2.188398021,1.426412977,0.948352564,0.955808344,0.960372459
'02-Jul-2022 00:00:00',0.772017075,0.915624648,1.21078264,0.799928558,14.08213892,20.83671132,27.41941734,2.1486455,2.22801375,4.0397825,1.511610668,0.951351655,0.959662384,0.963962886
'02-Jul-2022 00:10:00',0.718844389,0.853977939,1.157866553,0.850085737,13.88346629,20.61907407,26.99372551,1.722863167,2.098304417,3.886833583,1.513344967,0.954084424,0.961986601,0.965348487
'02-Jul-2022 00:20:00',0.752990429,0.893146578,1.243219815,0.891538835,13.2462188,20.07926528,26.17680111,1.449124667,2.207164167,2.117956167,1.549183314,0.950101472,0.95938843,0.962150872
'02-Jul-2022 00:30:00',0.748377353,0.896844104,1.360336078,1.066245336,13.08552532,19.63013826,26.79793639,1.813404167,2.0411475,4.054125,1.625887827,0.950518818,0.958701491,0.961070038
'02-Jul-2022 00:40:00',0.789812621,0.937230341,1.302544872,0.894154467,14.49181727,21.44473484,28.25381884,1.865863417,2.275638833,3.40645475,1.516513605,0.952058885,0.960086918,0.963142776
'02-Jul-2022 00:50:00',1.174510614,1.429773575,2.775162934,1.517913697,16.41597299,23.87335167,31.25004596,2.246243917,2.593748333,5.109146333,1.463240987,0.941301841,0.948051169,0.940412283
'02-Jul-2022 01:00:00',1.119208385,1.369884393,2.705226394,1.592638802,17.48406606,25.4098886,33.30533425,2.356427333,2.646589167,4.764800667,1.464092506,0.94736339,0.952990751,0.945329805
'02-Jul-2022 01:10:00',0.788560815,0.941577579,1.117204046,0.550465824,14.23677024,20.8519229,28.04880416,1.973294167,2.138958333,3.083395,1.542895106,0.950258045,0.958408709,0.966364784
'02-Jul-2022 01:20:00',0.743635152,0.887905285,1.068608552,0.628935939,14.56543757,21.34417822,28.00167224,1.803984333,2.12909,4.143322917,1.482893602,0.953960144,0.961398136,0.9676614
'02-Jul-2022 01:30:00',0.728309193,0.870472714,1.0752668,0.683234699,15.34021797,21.24461752,28.15109124,1.862499417,2.395284167,4.26258375,1.372786311,0.95722731,0.96200986,0.967938971
'02-Jul-2022 01:40:00',0.731353776,0.872984554,1.101732307,0.720513878,15.08056247,21.24907221,27.87958635,2.0897245,2.178073833,4.08717,1.392609712,0.95641855,0.962001527,0.967125823
'02-Jul-2022 01:50:00',0.795785075,0.956205686,1.273115888,0.831407982,14.70399646,22.18089312,28.69438757,1.642161083,2.390235833,1.916128333,1.523250136,0.95198452,0.960424961,0.964086289
'02-Jul-2022 02:00:00',0.869418478,1.047644436,1.418646153,0.869362792,15.44284807,22.18748793,28.00560608,2.11935025,2.257810333,4.17247275,1.353889011,0.950422145,0.956970385,0.959466035
'02-Jul-2022 02:10:00',0.826846559,1.001732274,1.365320607,0.890190566,14.46732861,21.35572945,26.73574379,1.2105145,2.148628333,3.312228667,1.398639324,0.949873925,0.957206336,0.959353906
'02-Jul-2022 02:20:00',0.858567388,1.03689962,1.451410645,0.936452395,14.76538294,21.47802958,26.81998285,1.7157315,2.134930667,3.028239833,1.359700675,0.949131606,0.956179521,0.957431811
'02-Jul-2022 02:30:00',0.936081463,1.113656396,1.529418556,0.880403583,13.85896384,19.77973989,26.34224757,1.900708667,2.055049,3.830165167,1.455264059,0.941131289,0.949100696,0.954030922
'02-Jul-2022 02:40:00',0.947712757,1.148650438,1.603329941,0.934450323,14.6426422,20.75844677,26.38130337,1.844170667,1.836893917,3.845471,1.340486779,0.943796898,0.950057921,0.952444133
'02-Jul-2022 02:50:00',0.892719894,1.081602696,1.546306925,0.985461165,14.20955996,19.08713799,25.0897734,1.611843,1.950045,3.560821667,1.284104984,0.945617101,0.949282963,0.952272573
'02-Jul-2022 03:00:00',0.652220132,0.77950197,1.078949583,0.891559768,12.44168494,17.76391932,23.06480584,1.660066417,1.921803583,2.41870725,1.4070016,0.953658899,0.960017033,0.962810705
'02-Jul-2022 03:10:00',0.570156281,0.67590858,0.925010873,0.863681438,12.33022574,17.37443623,23.48490832,1.508836333,1.696385,3.465476667,1.461489501,0.958823292,0.964240254,0.968179912
'02-Jul-2022 03:20:00',0.654649884,0.787638588,1.107071348,0.937568985,13.69696421,19.00342506,24.13723577,1.551893833,2.032617083,3.682504083,1.283371978,0.957921888,0.962145822,0.963681064
'02-Jul-2022 03:30:00',0.775904217,0.931969698,1.365078225,1.006563071,14.18101213,20.05562337,26.12613755,1.794497083,2.180963333,3.575200833,1.385930931,0.952347228,0.957984893,0.959582689
'02-Jul-2022 03:40:00',1.061757552,1.289210863,1.866824362,1.005995052,12.78704145,18.3004349,22.98593831,1.461301083,1.957151167,2.885615833,1.340670643,0.929133435,0.937452702,0.938389978
'02-Jul-2022 03:50:00',1.201740483,1.485273173,2.29568487,1.158317197,12.48003378,18.15300447,23.65714901,1.554104167,1.886216917,3.06251675,1.45304222,0.919783517,0.928686655,0.929225243
'02-Jul-2022 04:00:00',0.846295838,1.024630116,1.446866974,0.955943234,11.479037,16.32602861,21.24100774,1.459267833,1.517306417,2.671233,1.396002535,0.936612905,0.943736924,0.947218393
'02-Jul-2022 04:10:00',0.73096803,0.886451937,1.255666525,0.963730618,11.13025747,16.98819898,21.10596359,1.175308167,1.619042333,2.284752833,1.459445066,0.942970778,0.952879423,0.953564377
'02-Jul-2022 04:20:00',0.689534848,0.834710087,1.174217762,0.949648114,11.37082958,16.17874754,20.67298658,1.358685083,1.6273735,4.16169,1.357949578,0.947176589,0.953298724,0.955498301
'02-Jul-2022 04:30:00',0.755565407,0.900842735,1.286415117,0.954386826,11.18303815,15.810288,20.04982969,1.038034833,1.450153167,2.088652083,1.328528787,0.941398682,0.94859599,0.950090106
'02-Jul-2022 04:40:00',0.794053554,0.937334118,1.299817061,0.881640192,11.45527039,16.32378253,19.09606276,1.295922583,1.541002167,1.994937417,1.170072512,0.939580293,0.948131714,0.94638148
'02-Jul-2022 04:50:00',0.804550895,0.943827977,1.308239725,0.871450127,10.83368541,15.98984122,20.30765042,1.4748135,1.507795833,2.01884275,1.431671948,0.935586991,0.946703413,0.949028951
'02-Jul-2022 05:00:00',0.720099991,0.858925123,1.206509339,0.924030151,10.96543848,15.7729943,19.79150145,1.190567167,1.405422167,2.7714475,1.344223514,0.942727251,0.950761561,0.952042503
'02-Jul-2022 05:10:00',0.676625782,0.803509975,1.165105127,0.976188082,11.00916492,15.05617124,19.56398878,1.372418083,1.46171875,3.142749333,1.303189574,0.946590533,0.95178989,0.953646001
'02-Jul-2022 05:20:00',0.682356186,0.816526716,1.138497995,0.914354574,11.00994692,15.25205179,20.28066389,1.355822667,1.424073167,3.0683025,1.384600432,0.94581009,0.9515722,0.955667468
'02-Jul-2022 05:30:00',0.706278249,0.837245957,1.179862039,0.919495779,11.2214557,15.54162223,20.19872954,1.400406083,1.54671925,4.028091583,1.331873119,0.945105532,0.951326435,0.953978218
'02-Jul-2022 05:40:00',0.643597481,0.773486699,1.10890844,0.974328269,10.73554443,15.33761224,19.56873155,1.204571417,1.47776225,3.5746405,1.370014684,0.947455826,0.954417093,0.955781337
'02-Jul-2022 05:50:00',0.598455964,0.711352141,1.011500658,0.940153952,11.03907642,15.06540332,18.93220639,1.2895845,1.371135333,1.248287333,1.224712968,0.952457907,0.957091727,0.957968364
'02-Jul-2022 06:00:00',0.576591252,0.681216896,0.970097556,0.934334508,11.39288086,15.56980564,19.18065102,1.71251725,1.2438525,2.724813333,1.183121828,0.955504256,0.96000607,0.960030856
'02-Jul-2022 06:10:00',0.557909152,0.667410441,0.969207674,0.991660963,11.26057943,15.32474635,19.92950511,1.280567583,1.440120083,2.700107917,1.29353611,0.956591222,0.96039148,0.961972512
'02-Jul-2022 06:20:00',0.55944895,0.671460732,0.965683745,0.977465586,11.31138853,15.06969565,19.16080896,1.153122167,1.433475083,2.92413375,1.199362024,0.956476707,0.959479725,0.960566612
'02-Jul-2022 06:30:00',0.795082264,0.954049375,1.358867538,0.959631608,11.81382105,14.99608797,18.82556735,1.428992667,1.44140775,3.279963417,1.054844971,0.941799027,0.94294688,0.944369173
'02-Jul-2022 06:40:00',0.717822811,0.860360355,1.230276148,0.96393167,11.40127856,15.18453174,17.9034218,1.299055833,1.385855,1.968075313,1.024907603,0.945389511,0.949032758,0.946794799
'02-Jul-2022 06:50:00',0.734217981,0.886347892,1.256230984,0.960584271,11.5770548,15.46060682,17.75048972,1.2818065,1.415506917,2.306034167,0.973716155,0.944891502,0.948431071,0.945172646
'02-Jul-2022 07:00:00',1.106491296,1.334302863,1.890986103,0.957234184,11.43617543,15.98838669,17.70188841,1.238324333,1.4787575,1.500654583,0.995174176,0.918044593,0.926770863,0.918560002
'02-Jul-2022 07:10:00',1.402468695,1.690244173,2.38169402,0.945310715,11.6149761,14.88230075,18.46575913,0.98245775,1.20789625,3.015611771,1.048216158,0.900160226,0.902303709,0.904299474
'02-Jul-2022 07:20:00',1.138230795,1.373359205,1.938410571,0.950958748,11.34863627,14.88830912,18.23200631,1.437769083,1.411804667,1.889365,1.077073264,0.915573937,0.919606878,0.91983208
'02-Jul-2022 07:30:00',1.066037262,1.285818381,1.80275882,0.937226986,10.90545838,14.63313874,17.44519632,1.060823667,1.41639325,1.6461445,1.075434704,0.91747506,0.923050342,0.921614167
'02-Jul-2022 07:40:00',0.693054177,0.830689413,1.157410394,0.911791214,12.34323694,14.85861194,16.81265214,1.283179583,1.482977833,0.819420833,0.702261301,0.950585818,0.949341916,0.946365835
'02-Jul-2022 07:50:00',0.430753443,0.509152302,0.700203126,0.868220502,11.97654587,13.69530042,17.59073837,1.28273,1.13357,4.060125,0.859621213,0.965375234,0.96307525,0.965145238
'02-Jul-2022 08:00:00',0.444166992,0.530356404,0.730167879,0.885612218,NaN,NaN,NaN,NaN,NaN,NaN,NaN,NaN,NaN,NaN
'02-Jul-2022 08:10:00',0.409320975,0.482846711,0.664926315,0.870904961,NaN,NaN,NaN,NaN,NaN,NaN,NaN,NaN,NaN,NaN
'02-Jul-2022 08:20:00',0.439897488,0.526637446,0.737099988,0.92172277,9.610324374,11.25918895,15.85666614,1.152881378,1.352016303,2.432683013,1.118556415,0.959491276,0.957611037,0.962689732
'02-Jul-2022 08:30:00',0.52478804,0.630028083,0.879472344,0.92062024,9.082024504,12.47211591,14.96021259,0.950207583,1.264053083,1.913448611,1.142467165,0.949166164,0.954114998,0.953736272
'02-Jul-2022 08:40:00',0.381983802,0.465244421,0.662986402,0.980618294,8.867613366,11.08964822,13.23173553,0.782548083,0.79197525,2.920140917,0.906822135,0.961886477,0.961869462,0.960779258
'02-Jul-2022 08:50:00',0.326802089,0.398250495,0.563394284,0.969819094,8.598880184,10.37643258,12.49093851,1.33289875,0.835775583,0.259435417,0.843292196,0.966220466,0.964796053,0.964383981
'02-Jul-2022 09:00:00',0.287636145,0.344020564,0.490277802,0.948502255,8.097227996,10.79891425,12.32603136,1.142629667,1.237401917,2.593841667,0.968690507,0.968015155,0.970493233,0.968443239
'02-Jul-2022 09:10:00',0.31611459,0.378305975,0.543653301,0.973815774,7.545804617,9.679565144,12.066959,1.322690667,0.877843833,2.874433333,1.062402716,0.962885915,0.964117023,0.964406839
'02-Jul-2022 09:20:00',0.304704977,0.3620653,0.49967657,0.884619835,8.008132771,10.41003136,11.62945408,1.100353167,0.787762167,1.802991667,0.87677243,0.964970666,0.967669552,0.965135535
'02-Jul-2022 09:30:00',0.448369729,0.528827939,0.73278309,0.881453002,7.92990353,10.37612664,12.13493343,1.233594167,0.968639333,1.904138889,0.967009725,0.950458278,0.953779491,0.952560676
'02-Jul-2022 09:40:00',0.420114763,0.500166481,0.715329338,0.950974059,8.801232462,10.60691248,11.98803607,1.519478083,1.275685667,4.518057292,0.760647463,0.954966904,0.957458249,0.953229331
'02-Jul-2022 09:50:00',0.506862739,0.662694002,1.06722766,1.395007686,7.022405209,7.965772229,9.973120581,0.807365333,0.924834333,3.326603333,0.80984027,0.940696173,0.930451664,0.928715648
'02-Jul-2022 10:00:00',0.307865258,0.40135714,0.661648632,1.372291122,7.080349311,9.241175034,9.901230269,1.310109167,1.183764833,3.680945833,0.754177823,0.962494557,0.960871501,0.951022656
'02-Jul-2022 10:10:00',0.245072506,0.30965885,0.504073369,1.30105081,5.897407241,7.626281664,8.38527795,1.00779675,0.9468035,2.406291667,0.849244845,0.963892688,0.962914733,0.956250851
'02-Jul-2022 10:20:00',0.375056008,0.500181973,0.815236128,1.450588272,8.148499908,9.555676957,9.841250175,1.597817917,1.379258583,1.83827125,0.518003449,0.959954479,0.95480378,0.94078015
'02-Jul-2022 10:30:00',0.210443316,0.264008704,0.420523077,1.265924115,5.039771654,6.386585454,7.90514937,1.206757292,1.0256195,3.044972917,1.065324266,0.963622097,0.962507328,0.961169734
'02-Jul-2022 10:40:00',0.369242673,0.44884922,0.686261172,1.118012618,6.360201275,8.865160676,8.706769949,1.08294875,1.232863583,1.579158083,0.724532959,0.949075626,0.953573139,0.940174893
'02-Jul-2022 10:50:00',0.404969016,0.49833314,0.74423962,1.087415387,6.599617806,8.776584341,10.50061419,0.977114333,1.05425425,4.754378583,1.056714871,0.94648464,0.949068754,0.94631927
'02-Jul-2022 11:00:00',0.427550839,0.527529934,0.833492242,1.189989592,6.690222879,9.005901502,9.446226795,1.081229167,0.970539833,1.001523958,0.790352799,0.944231289,0.946016312,0.932997478
'02-Jul-2022 11:10:00',0.494101319,0.622301932,1.030543618,1.294472469,5.93766794,8.464642286,9.336915939,0.848858,0.922723667,2.03683325,1.016490341,0.931853801,0.936900919,0.924325107
'02-Jul-2022 11:20:00',0.485909757,0.595268604,0.863723714,0.967704937,6.386254161,8.530127674,11.00563079,1.295038333,1.135568833,2.801296917,1.240127828,0.936043701,0.938412226,0.941530845
'02-Jul-2022 11:30:00',0.477083245,0.573510753,0.792861754,0.884911898,6.934079201,9.118742375,11.62915463,1.213575583,1.117303917,2.505742,1.170183377,0.940161902,0.943321947,0.946933508
'02-Jul-2022 11:40:00',0.395303171,0.472908272,0.658493624,0.881751436,5.107862438,7.826143649,9.816807654,0.718505333,0.915553917,3.178439167,1.465384051,0.933577663,0.945071149,0.947635336
'02-Jul-2022 11:50:00',0.418038887,0.495819357,0.673293189,0.845843247,6.571714782,8.550426236,10.76605138,0.954755583,0.85237875,2.736764583,1.140223583,0.942720866,0.94756755,0.949993848
'02-Jul-2022 12:00:00',0.442975939,0.531232829,0.736557111,0.895735602,5.496985068,8.78628619,9.985703356,1.0346465,0.980991167,3.381723125,1.368179005,0.93025553,0.945328317,0.942737356
'02-Jul-2022 12:10:00',0.591794829,0.707191132,1.031882435,0.990428766,8.092638836,10.76564823,13.02318672,1.514134417,1.156929083,3.821320833,1.080688367,0.937267055,0.940595082,0.940170576
'02-Jul-2022 12:20:00',0.422279009,0.514202377,0.705755476,0.908005921,7.395358296,10.31241424,11.89339609,1.10816325,1.297675917,1.648744792,1.097310146,0.949132821,0.954401571,0.953320283
'02-Jul-2022 12:30:00',0.436499747,0.509913065,0.745959078,0.960792983,7.360197062,10.1105425,11.31809493,1.180612333,1.091731333,3.275725833,0.989387809,0.94770921,0.954305263,0.94845127
'02-Jul-2022 12:40:00',0.551213648,0.671091344,1.012305719,1.09005603,6.68125342,9.110736284,11.10658299,0.802397417,1.0643545,3.008104896,1.219816799,0.926223473,0.933217362,0.932432708
'02-Jul-2022 12:50:00',5.642716121,7.138392762,11.44618794,1.343877965,7.468334665,10.41690006,13.08630085,1.16248325,1.352579333,2.8709215,1.298723706,0.669921929,0.673365834,0.669332789
'02-Jul-2022 13:00:00',0.608623417,0.877475022,1.424023732,1.454587577,5.466800436,8.46041657,10.91797258,1.11048325,1.099380333,4.277005556,1.586020559,0.911476121,0.913961304,0.914534699
'02-Jul-2022 13:10:00',0.423877926,0.531534387,0.813535619,1.161973552,4.848419353,7.811832014,8.798237536,0.83456,0.85724175,1.042603125,1.377739756,0.925512768,0.939346089,0.930547013
'02-Jul-2022 13:20:00',0.489425291,0.596490832,0.917795955,1.113908965,6.379619623,9.5065309,12.19497299,1.186220583,0.938141417,2.294621528,1.532629833,0.932511743,0.943651613,0.944333839
'02-Jul-2022 13:30:00',0.607193722,0.736544857,1.104304262,1.073920135,8.212698851,11.49793925,15.14686971,1.068932583,1.224691583,3.721803125,1.389666139,0.937120586,0.943514441,0.945474665
'02-Jul-2022 13:40:00',0.605234304,0.731933269,1.068613885,1.01004462,6.642480512,9.372797797,12.58857736,1.473545167,0.97701275,3.156164,1.459457534,0.922332924,0.931231138,0.935991494
'02-Jul-2022 13:50:00',0.566523759,0.677847933,0.974383657,0.97151016,6.790179052,9.935745117,11.68768052,1.470983333,0.96788675,2.535275,1.230171101,0.928483416,0.938935933,0.936046119
'02-Jul-2022 14:00:00',0.677302975,0.821479144,1.177598054,0.981307176,7.661439961,10.40465549,13.34188499,0.844670083,1.455415,2.769340278,1.25397022,0.925350355,0.931285962,0.933556483
'02-Jul-2022 14:10:00',0.814571489,0.987884987,1.467746021,1.055615222,9.440610387,13.14446178,15.31864878,1.54866425,1.565629167,3.125367292,1.104592669,0.926468644,0.933508709,0.927979814
'02-Jul-2022 14:20:00',0.748665656,0.914000017,1.514389649,1.239141488,13.61564355,17.97561333,21.28854638,2.163374417,2.159765917,4.20960775,1.013459264,0.953150836,0.954555082,0.948618744
'02-Jul-2022 14:30:00',1.228362605,1.531498372,2.618046657,1.372993308,13.47763802,16.40679781,20.70932066,2.20380475,2.147025833,5.175595,0.967066789,0.925160304,0.920129507,0.91299676
'02-Jul-2022 14:40:00',0.854215856,1.092789333,2.080105514,1.599443066,8.042244647,10.92608217,13.91380922,1.711812167,1.59120575,2.513595833,1.246435512,0.915965994,0.9166359,0.903711434
'02-Jul-2022 14:50:00',0.59934192,0.747444844,1.32939638,1.431338291,6.344744809,9.700764368,12.28291414,1.246577,1.227032083,2.627172396,1.499693941,0.921978015,0.933514431,0.925651275
'02-Jul-2022 15:00:00',0.416253078,0.506785658,0.791373787,1.156792227,7.136252616,10.21887365,11.49469135,1.376000917,1.051543417,3.237801389,1.102937461,0.949596076,0.955364465,0.948580652
'02-Jul-2022 15:10:00',0.54392581,0.668432656,1.044923013,1.173760924,7.391158903,10.54119042,13.54838618,1.1143045,1.327350583,3.716845833,1.380185921,0.937530854,0.943780618,0.943140811
'02-Jul-2022 15:20:00',0.491573226,0.607355804,0.960970392,1.200285668,7.774624692,10.36232247,14.21963862,1.353389583,1.28954975,3.60962875,1.368051396,0.94574432,0.947885472,0.949993337
'02-Jul-2022 15:30:00',0.643851751,0.781064246,1.151365384,1.04261866,7.997928519,11.23143844,14.58089369,1.564579917,1.633723333,3.172816667,1.370284994,0.931828951,0.938841991,0.939948299
'02-Jul-2022 15:40:00',0.516271563,0.618360276,0.871863161,0.9441615,7.339380538,10.19292742,12.50574233,0.826619583,1.4617485,3.064803333,1.204636839,0.938871823,0.945167942,0.944887892
'02-Jul-2022 15:50:00',0.636642752,0.765305998,1.079750631,0.960102164,7.880575191,10.53037563,13.44761922,1.268476833,1.247818083,4.949817167,1.211661358,0.93134581,0.935701717,0.937692908
'02-Jul-2022 16:00:00',0.840926245,1.014222134,1.421776711,0.940694269,6.587220597,9.257398681,12.17064041,1.413427083,1.054568833,3.457121917,1.409718575,0.89331318,0.906156659,0.912750851
'02-Jul-2022 16:10:00',0.853141996,1.021699161,1.442790822,0.942028845,7.518631139,9.774205312,12.46763887,1.440527,1.294901167,2.318821583,1.148072784,0.904977881,0.90969929,0.91317956
'02-Jul-2022 16:20:00',1.051004785,1.260634234,1.768726483,0.930957121,7.7280783,11.03814393,13.47807337,0.97172575,1.13349825,4.936201389,1.266080154,0.888264321,0.902519652,0.902354943
'02-Jul-2022 16:30:00',1.687405984,2.020675258,2.794759723,0.901534206,8.511943201,11.32032534,15.13046583,1.125242833,1.55776775,2.881751354,1.304964041,0.844835473,0.854902623,0.866656912
'02-Jul-2022 16:40:00',0.629979262,0.76305523,1.111014844,1.016256794,9.267599315,11.92435525,14.87204243,1.36562525,1.504047167,2.506047917,1.078150311,0.940930739,0.942966371,0.943012189
'02-Jul-2022 16:50:00',0.618523148,0.746956801,1.079115674,0.994783674,9.460376767,12.26591106,15.73530337,1.09230675,1.500023917,3.006666667,1.15249662,0.943387879,0.945375791,0.94722326
'02-Jul-2022 17:00:00',0.676797307,0.816037688,1.181255643,0.99618095,11.78062651,14.10544472,16.27558651,1.8232525,1.758166833,2.7868225,0.74407091,0.949435927,0.948047313,0.944438783
'02-Jul-2022 17:10:00',0.53136577,0.644680058,0.96945646,1.080577844,11.12620324,14.13091987,16.60353456,1.82990775,1.798777333,1.721449667,0.904552582,0.958405941,0.958794369,0.95551548
'02-Jul-2022 17:20:00',0.586462003,0.716291628,1.115076465,1.154222445,10.07392044,13.23266281,15.92631653,1.240806167,1.578420333,3.650557417,1.038280762,0.950005732,0.951416271,0.947626933
'02-Jul-2022 17:30:00',0.570412001,0.697895624,1.046300176,1.081281425,9.884027857,13.4474347,16.33291412,1.683994833,1.519535583,2.507400208,1.153746931,0.949683025,0.953378274,0.95139645
'02-Jul-2022 17:40:00',0.585364209,0.70308045,1.058742895,1.061841235,10.5475766,14.15180842,17.02701982,1.62863075,1.7182745,2.235208,1.090038347,0.951573335,0.955083698,0.95250677
'02-Jul-2022 17:50:00',0.558979109,0.672717125,0.996056686,1.03793775,11.04962708,14.33188185,17.86125516,1.572181333,1.837338,3.6896325,1.090366386,0.955722006,0.957538837,0.957022439
'02-Jul-2022 18:00:00',0.577180636,0.699609449,1.043864208,1.064736732,10.79403563,15.20629099,17.54215213,1.605636583,1.76983075,1.522433583,1.115565122,0.953421867,0.95834044,0.954502907
'02-Jul-2022 18:10:00',0.620961653,0.752785917,1.162564027,1.12991081,11.09342115,14.80582891,18.45087566,1.693430333,1.619885917,3.897395208,1.15449106,0.951899108,0.954534186,0.952709518
'02-Jul-2022 18:20:00',0.596128937,0.714987487,1.079945813,1.069330985,11.5311948,14.89547096,18.71922547,1.837170583,1.871836667,3.275962417,1.093606628,0.955089982,0.956552261,0.955995777
'02-Jul-2022 18:30:00',0.76113127,0.913084179,1.314166782,0.97807682,11.73542079,15.83295473,17.9425993,1.439122583,1.810876833,2.39991925,0.976677516,0.943659992,0.948159444,0.943467284
'02-Jul-2022 18:40:00',0.718181384,0.86946756,1.406176699,1.206875208,10.65859866,14.8437325,19.65408497,1.62245225,1.710398917,2.596531667,1.384999793,0.942840946,0.948072589,0.947396723
'02-Jul-2022 18:50:00',0.806829102,0.985618756,1.728947006,1.354953634,11.77612671,15.6190963,19.71844453,1.26482425,1.907185167,5.126039667,1.164674408,0.943030004,0.944788095,0.938683807
'02-Jul-2022 19:00:00',0.685548413,0.8352515,1.275389055,1.110108999,12.33135912,15.92913552,20.14049389,1.95404125,1.866111333,3.415679167,1.106302028,0.952144996,0.952861037,0.952273865
'02-Jul-2022 19:10:00',0.787320742,0.960721936,1.465418824,1.108920789,11.85451524,16.31412164,20.39614959,1.623139417,1.920879167,2.929526667,1.23202318,0.943448928,0.947827047,0.946554558
'02-Jul-2022 19:20:00',0.664801448,0.807309817,1.189863075,1.041850701,11.67158443,15.67123792,20.39542909,1.5718925,1.836269083,3.466014583,1.266896804,0.95067464,0.95365594,0.955139409
'02-Jul-2022 19:30:00',0.83547605,1.013381846,1.562621945,1.125410214,11.74686094,16.43116281,20.0531951,1.966718917,1.986536667,4.377905417,1.218146748,0.939502516,0.945228463,0.942132489
'02-Jul-2022 19:40:00',0.846866269,1.030819831,1.63674239,1.187435835,12.43092591,16.10344068,20.23823398,1.6542575,1.81212475,2.614413542,1.108700924,0.942242049,0.943443737,0.940644179
'02-Jul-2022 19:50:00',0.701364236,0.852031907,1.274063469,1.07099418,12.33787794,16.06850365,20.99793022,1.884135583,1.878469167,2.985299167,1.207411623,0.950697118,0.952441758,0.953726103
'02-Jul-2022 20:00:00',0.810256712,0.973836461,1.36827278,0.930820257,12.10601519,16.41651253,20.98379874,1.963514417,1.889499833,3.190029167,1.248547102,0.942637312,0.947308865,0.949718684
'02-Jul-2022 20:10:00',0.786581111,0.94785437,1.481759609,1.148737414,12.07037539,17.01145713,22.02099022,2.075306167,2.02206275,3.090177083,1.37672732,0.944432866,0.950497266,0.949745586
'02-Jul-2022 20:20:00',0.725053334,0.877884885,1.440103573,1.239457222,12.12162383,17.41437365,22.55051423,1.528078583,1.936123333,4.111368583,1.408000046,0.949099409,0.955014569,0.952960139
'02-Jul-2022 20:30:00',0.630074738,0.757268717,1.073614847,0.952298392,11.8110369,17.19592834,22.31077401,1.818537917,1.830310667,2.770646083,1.447596951,0.953180596,0.959867277,0.962077241
'02-Jul-2022 20:40:00',0.602249087,0.727409466,1.003190778,0.909153266,12.23449236,17.25218541,21.70285294,1.867080667,1.97375625,2.588658854,1.302983302,0.956437641,0.961432798,0.963127609
'02-Jul-2022 20:50:00',0.632604655,0.755200124,1.047261987,0.900079751,12.42497634,17.32028874,21.66473396,1.9220605,1.823600167,2.428864333,1.267848703,0.954929341,0.960129126,0.961469198
'02-Jul-2022 21:00:00',0.682222698,0.825242264,1.193249775,0.997412367,12.20970051,17.76774393,23.1974884,1.931826833,2.40416,2.775859167,1.458936231,0.951123535,0.957900956,0.959969815
'02-Jul-2022 21:10:00',0.716127816,0.854487914,1.270027271,1.029381044,12.62488809,18.14098113,23.66047025,2.069221,2.060502083,4.55919525,1.423835464,0.950778336,0.957361987,0.958473901
'02-Jul-2022 21:20:00',0.702561329,0.852946822,1.368053068,1.202268363,12.5858187,18.52672973,23.68614323,1.509808083,1.98034775,2.814029167,1.437456038,0.952247821,0.958716597,0.957026171
'02-Jul-2022 21:30:00',0.650726115,0.78309659,1.275938202,1.218171702,11.97729288,18.72631851,23.2515951,2.025459306,2.016661762,3.15892649,1.514038035,0.953476445,0.962373434,0.959179364
'02-Jul-2022 21:40:00',0.682859237,0.835526457,1.504976204,1.430538608,12.43351479,18.01322629,24.23430042,2.446804856,2.005295268,2.71025517,1.513002146,0.953833955,0.958950261,0.956052262
'02-Jul-2022 21:50:00',0.704202181,0.858980309,1.514631773,1.375360031,11.88119387,18.76019699,23.73140241,1.785101189,1.916032966,4.368390522,1.576660163,0.950188663,0.959299295,0.954344104
'02-Jul-2022 22:00:00',0.651026645,0.781569588,1.223934206,1.138527549,12.5015125,18.13805805,25.09858927,1.830513179,2.108652278,3.588603958,1.580817441,0.954911137,0.961131333,0.963001063
'02-Jul-2022 22:10:00',0.681575644,0.821529362,1.462480969,1.387438562,12.96369725,19.59105408,24.76189176,2.269705517,2.210516267,2.9210825,1.478556944,0.955438235,0.962633061,0.957708385
'02-Jul-2022 22:20:00',0.63804437,0.76582828,1.172657414,1.086396845,12.29849214,17.98768716,25.33055276,1.806108877,2.136247567,4.052849233,1.640855117,0.954791847,0.961459202,0.964541559
'02-Jul-2022 22:30:00',0.591788627,0.708071714,0.948401019,0.833314157,12.24944528,18.47577546,23.16522968,2.069120673,2.23977245,2.865118425,1.454244837,0.95700472,0.964667065,0.966811666
'02-Jul-2022 22:40:00',0.565321522,0.676929078,0.870060427,0.76106377,11.70159581,17.03554067,22.81705345,1.933385797,1.975622433,2.9489568,1.516581897,0.95662942,0.963253762,0.968488808
'02-Jul-2022 22:50:00',0.560038476,0.664944919,0.88680655,0.818295555,11.31510261,17.36022294,22.08653511,1.79142081,2.07175964,5.25764375,1.519595528,0.956003216,0.964606366,0.967190733
'02-Jul-2022 23:00:00',0.676050336,0.811175222,1.170264291,0.976443062,12.88853196,18.81041433,24.33748611,1.7085316,2.345232367,2.986396271,1.44940238,0.954161526,0.960840034,0.962378365
'02-Jul-2022 23:10:00',0.898072973,1.087123909,1.591715952,1.023748979,14.04131909,19.81875616,25.58256587,2.060440727,2.343139313,3.1853191,1.375499212,0.944659533,0.950810847,0.952309585
'02-Jul-2022 23:20:00',0.735233821,0.882750375,1.250664386,0.949781688,11.97302243,18.24016137,23.48706792,1.85002427,2.19899324,3.364871583,1.540276906,0.946305452,0.956114388,0.958175043
'02-Jul-2022 23:30:00',0.836440432,1.001758856,1.468971092,1.011135583,13.71801848,20.04532005,25.19944689,1.86244495,2.441610133,4.011027267,1.384974165,0.94709245,0.954911361,0.954853128
'02-Jul-2022 23:40:00',0.899360926,1.089766473,1.628694115,1.065184489,15.08414055,20.99801251,27.1095575,2.146355617,2.385853067,4.4958091,1.33015148,0.948451443,0.953327886,0.954094956
'02-Jul-2022 23:50:00',0.763682734,0.921554327,1.292992614,0.934113625,11.87028052,17.78993652,24.9168123,1.55076189,2.13872655,4.151804867,1.688330973,0.944143243,0.953281186,0.959239143
'03-Jul-2022 00:00:00',0.625105887,0.738348966,1.026968409,0.888300093,11.33236348,16.86734861,22.6320978,1.636495817,1.801446123,5.665707292,1.568902145,0.951498451,0.960005513,0.963710977
'03-Jul-2022 00:10:00',0.771849947,0.932968151,1.355183949,1.007111945,12.05896264,18.01809733,24.25901014,1.984402967,2.05250825,3.3646786,1.585572956,0.944606331,0.953364562,0.95661908
'03-Jul-2022 00:20:00',0.859821884,1.027978377,1.479258212,0.974510339,14.33400181,20.18714802,25.11406248,2.320460867,2.337134367,3.479235307,1.281092489,0.94764396,0.953993446,0.95409816
'03-Jul-2022 00:30:00',0.815029863,0.98026132,1.390244318,0.955418156,13.42642974,19.14126093,24.73234196,2.068547347,2.331426267,2.213896133,1.402210953,0.946825925,0.953712635,0.955989164
'03-Jul-2022 00:40:00',0.673005008,0.805244634,1.16192708,0.977528185,11.82642826,17.38581563,23.37725848,1.7689564,1.971002783,3.734585867,1.545062984,0.950435391,0.957988512,0.961105751
'03-Jul-2022 00:50:00',0.718435762,0.864994286,1.230087302,0.958728216,12.64225298,17.83365738,22.92150028,2.34600565,2.163164043,2.9707233,1.349100733,0.95039252,0.956096198,0.958003849
'03-Jul-2022 01:00:00',0.787330762,0.949773475,1.42056874,1.059376442,12.38642492,18.72777583,23.96430586,1.711229067,1.976934467,3.200855983,1.507905164,0.945028136,0.954322959,0.954669577
'03-Jul-2022 01:10:00',0.883430253,1.080781947,1.666514713,1.136521319,12.30814534,18.89481246,25.9082324,2.096392283,2.295698183,5.262713883,1.690440538,0.939027764,0.948848475,0.951799773
'03-Jul-2022 01:20:00',0.875155861,1.081457604,1.707437462,1.199823674,11.93963302,17.41844225,24.09113158,2.28477424,2.068016667,4.362986,1.590929027,0.938100629,0.945048998,0.947714666
'03-Jul-2022 01:30:00',0.854614991,1.035396864,1.560559097,1.088073039,12.43680491,18.1662478,24.02891012,2.259215167,1.903295383,3.498893611,1.516602992,0.94040364,0.949051037,0.950518966
'03-Jul-2022 01:40:00',0.988607676,1.188638411,1.744640231,1.018196685,13.84555428,20.17151092,26.13674024,2.018697893,2.35019045,3.458171892,1.444970982,0.938563153,0.947179526,0.948823185
'03-Jul-2022 01:50:00',0.915227716,1.117824502,1.668833768,1.076912231,12.03039725,18.11117244,23.83846469,1.819714503,2.077976023,4.499483933,1.565739229,0.934952232,0.945008413,0.947086285
'03-Jul-2022 02:00:00',0.773900255,0.94673026,1.405080163,1.067502381,10.6425499,16.27745511,21.27985693,1.607455353,2.06796144,3.633846887,1.575094458,0.938056307,0.948071321,0.949869663
'03-Jul-2022 02:10:00',0.740427974,0.898425543,1.325678985,1.044470618,10.73488748,16.63525209,21.02066577,1.683550083,1.93133255,2.975038889,1.528212046,0.940786311,0.951390543,0.951658473
'03-Jul-2022 02:20:00',0.857696975,1.040663311,1.50743503,1.006770779,11.47291727,17.74317779,22.65156984,2.22469136,2.230687833,3.095672517,1.558502978,0.935578329,0.947371215,0.948850443
'03-Jul-2022 02:30:00',0.751787795,0.922384513,1.359968002,1.059442582,10.71320027,15.57618551,21.42377097,2.123649133,1.841858117,4.260603125,1.574922946,0.939737196,0.947149009,0.951591693
'03-Jul-2022 02:40:00',0.741639502,0.912857148,1.363042671,1.087697487,9.477955557,15.54721448,20.72715305,1.125470033,1.558128897,4.864923883,1.781281932,0.933593715,0.947521572,0.950168044
'03-Jul-2022 02:50:00',0.721157746,0.877190241,1.303817822,1.060466034,9.847680679,14.61866746,20.81893821,1.699912593,1.724583367,3.315112803,1.693453778,0.937406692,0.946457463,0.952204858
'03-Jul-2022 03:00:00',0.740874704,0.899191486,1.407552457,1.144656551,10.00746954,15.99116984,21.43197012,1.802135983,1.951896493,3.396902,1.737684958,0.936748217,0.949838229,0.95099056
'03-Jul-2022 03:10:00',0.544372584,0.663391816,0.978500373,1.002828593,9.069959565,14.33349974,19.36825454,1.3972293,1.58913722,1.833789167,1.734687009,0.947977464,0.958347417,0.961444827
'03-Jul-2022 03:20:00',0.475815462,0.557131405,0.750867194,0.815348983,8.352237311,13.48658489,18.76770105,1.313209717,1.35497165,2.337553125,1.842989146,0.94927681,0.961889028,0.967346546
'03-Jul-2022 03:30:00',0.500787552,0.590866437,0.795590078,0.826188703,8.386001709,13.61707025,18.5450747,1.10956873,1.400065233,3.1367672,1.813385367,0.946884312,0.960233509,0.965139655
'03-Jul-2022 03:40:00',0.463184225,0.54719687,0.733700069,0.816820075,9.081946089,13.19531179,18.81618866,1.586797353,1.72222435,2.519173667,1.649923931,0.954571825,0.961867921,0.968211655
'03-Jul-2022 03:50:00',0.437637758,0.518855078,0.699158289,0.834562594,8.186463133,13.32837326,18.1808572,1.285099883,1.540168127,1.771957687,1.819821915,0.9524689,0.964157603,0.968706835
'03-Jul-2022 04:00:00',0.449381777,0.528100731,0.717757247,0.836249865,8.376359829,13.0140856,18.08519801,1.438165033,1.452327587,2.810214383,1.774389806,0.951370624,0.962635166,0.967754907
'03-Jul-2022 04:10:00',0.451438366,0.540452445,0.725626671,0.84470745,7.923070495,13.43083194,17.51861101,1.287138037,1.60859342,2.476066722,1.812573304,0.949583761,0.963017216,0.96641668
'03-Jul-2022 04:20:00',0.463259714,0.54534684,0.745718724,0.851233703,8.636302138,13.14861941,17.32972888,1.6090154,1.482553613,2.722727042,1.583837094,0.952501709,0.961897685,0.965224802
'03-Jul-2022 04:30:00',0.448219152,0.527442657,0.717489974,0.840463754,8.319973418,12.6872391,17.68728509,1.169196027,1.553762023,2.183044733,1.7244606,0.951769729,0.961800858,0.967091024
'03-Jul-2022 04:40:00',0.424432786,0.502358651,0.671927649,0.818498855,8.398991584,13.19718122,18.12490217,1.36521674,1.620148887,2.749906333,1.752589157,0.95480729,0.964879773,0.969673255
'03-Jul-2022 04:50:00',0.443930341,0.523702912,0.726590531,0.880096572,8.184297348,13.3923169,18.15234338,1.521504733,1.450087787,4.146341393,1.81394968,0.952143749,0.96400951,0.967811605
'03-Jul-2022 05:00:00',0.501856148,0.615033739,0.928094567,1.06689706,8.959226769,13.85505327,19.70646977,1.778927633,1.623536,4.306435433,1.785913635,0.951506258,0.959932697,0.964202186
'03-Jul-2022 05:10:00',0.481362806,0.588260355,0.858641603,1.031171525,9.071875473,13.72095479,18.57044501,1.612133743,1.34507608,3.057278183,1.627231634,0.953770805,0.961034998,0.964082065
'03-Jul-2022 05:20:00',0.564501716,0.679893566,0.979484726,0.983926859,8.923842741,13.26747316,18.63317931,1.464898207,1.595983513,2.430698273,1.668847937,0.945222153,0.953618457,0.95904886
'03-Jul-2022 05:30:00',0.521425854,0.63339121,0.936416411,1.048231939,8.863035829,13.56396996,18.21984585,1.383478517,1.743265167,3.776418767,1.638918164,0.948946481,0.957712485,0.960395734
'03-Jul-2022 05:40:00',0.569938353,0.684210861,0.953957483,0.921158448,8.739663743,13.70171547,18.60534321,1.311385483,1.382919333,4.031006573,1.716183512,0.94314892,0.954553546,0.959378869
'03-Jul-2022 05:50:00',0.606225071,0.716490197,0.968249841,0.836296902,9.181707921,13.93570294,18.63741974,1.333781587,1.52770879,3.618355833,1.610468715,0.94200792,0.953230984,0.958189746
'03-Jul-2022 06:00:00',0.70379465,0.823810406,1.186048341,0.924816247,13.04364267,20.0866454,26.17163774,1.750691423,2.195534867,2.73400169,1.602967263,0.951258082,0.961522885,0.963710188
'03-Jul-2022 06:10:00',0.711103487,0.84655157,1.312345399,1.091764412,14.98441854,22.28647523,27.47159552,2.3087927,2.44901825,2.871297,1.364755659,0.958266463,0.964927488,0.962949285
'03-Jul-2022 06:20:00',0.50553478,0.597970993,0.857491002,0.939459524,9.171517484,13.58018085,18.82714297,1.31724707,1.580607227,3.165819867,1.6304652,0.951468687,0.959889417,0.964076045
'03-Jul-2022 06:30:00',0.460028728,0.540627305,0.731003124,0.826837275,9.510995807,13.49045622,18.1908674,1.510599933,1.548508053,1.885430083,1.468980596,0.95687424,0.96314086,0.967307267
'03-Jul-2022 06:40:00',0.433909071,0.511564671,0.675499271,0.78657266,8.60080522,13.48489765,17.3248338,1.19861305,1.417880853,3.182230533,1.597075711,0.954791824,0.964921256,0.967925222
'03-Jul-2022 06:50:00',0.420565082,0.500190568,0.661664421,0.805377549,9.017202072,13.01186648,16.97646428,1.11088065,1.414652893,2.846583067,1.433636853,0.958386261,0.964419062,0.968094307
'03-Jul-2022 07:00:00',0.449634416,0.535231761,0.746432387,0.909173391,8.466881202,13.64687544,17.96806222,1.313204303,1.39408831,2.953122417,1.713283857,0.953607861,0.964202327,0.966454774
'03-Jul-2022 07:10:00',0.461930042,0.554392939,0.832075306,1.066064813,8.976368141,12.67760857,17.71857602,1.37348377,1.214824867,2.625525367,1.556061214,0.953843925,0.960325683,0.963773084
'03-Jul-2022 07:20:00',0.433369027,0.516110031,0.748595093,0.980780313,9.64948177,13.22825004,16.85328641,1.656887421,1.43171036,2.983108333,1.256779854,0.960295065,0.964436707,0.965197123
'03-Jul-2022 07:30:00',0.411021966,0.497570287,0.719033768,0.989170432,8.595948659,12.85372628,17.16490006,1.641989583,1.3422935,2.4305625,1.573759129,0.958111123,0.964642025,0.967213831
'03-Jul-2022 07:40:00',0.449877503,0.53394187,0.705138985,0.800768574,8.489431316,12.2817053,16.40557494,1.033028,1.247193333,3.083583167,1.501696215,0.952619482,0.960100983,0.964815799
'03-Jul-2022 07:50:00',0.391839543,0.462202251,0.634097925,0.857770788,8.324219974,11.92926842,16.33014959,1.618465167,1.2026555,2.214974833,1.529463239,0.958022781,0.96440656,0.96863354
'03-Jul-2022 08:00:00',0.386653973,0.454817619,0.628293195,0.870836728,8.067309073,12.39779805,15.19594003,1.6305835,1.154848083,1.46205,1.441245484,0.957404858,0.966239182,0.966442233
'03-Jul-2022 08:10:00',0.360865274,0.430793293,0.592084483,0.874499091,7.720347255,11.85242981,14.32509764,0.871987583,1.207120083,1.059530972,1.440355401,0.956774199,0.966647757,0.966810735
'03-Jul-2022 08:20:00',0.402538513,0.478116409,0.64993321,0.838728268,7.384631593,11.78088356,14.99901703,1.39300925,1.368089583,3.4547825,1.614783954,0.951922673,0.962730198,0.965089202
'03-Jul-2022 08:30:00',0.379721227,0.442365905,0.607939654,0.858890119,6.906899844,10.63353588,15.06598777,0.965734333,1.23436275,2.026308,1.773716467,0.951391304,0.962180496,0.967296771
'03-Jul-2022 08:40:00',0.501157984,0.583664005,0.775247809,0.778649397,7.472984673,11.12444691,15.22734366,1.375802417,1.444034333,2.673111833,1.61299477,0.940961411,0.952029039,0.958474335
'03-Jul-2022 08:50:00',0.31991551,0.379093533,0.500848469,0.786648265,6.128977812,10.12326969,13.64053671,1.160218417,1.262790667,2.6931375,1.818151103,0.953986678,0.965365441,0.969686725
'03-Jul-2022 09:00:00',0.389249345,0.45333299,0.600763411,0.768759898,5.946866185,10.00879445,12.64439793,0.68176225,1.107582167,2.743765313,1.720632561,0.942577547,0.95821561,0.961205468
'03-Jul-2022 09:10:00',0.449847982,0.526660281,0.685179426,0.743222481,7.403662077,10.99838134,14.22660158,1.170350083,1.234462917,2.242775938,1.485440478,0.946256931,0.956092434,0.960465255
'03-Jul-2022 09:20:00',0.426063781,0.502274085,0.670458613,0.811307602,6.643664425,10.28263942,13.37394551,1.196674167,1.35818275,3.3958375,1.603364255,0.943599585,0.955639825,0.95934174
'03-Jul-2022 09:30:00',0.395749143,0.461420082,0.602587474,0.74355086,6.810354976,9.592263474,12.74982419,1.31714325,1.150298667,2.522909028,1.433222277,0.94768769,0.95582115,0.961158084
'03-Jul-2022 09:40:00',0.406659844,0.473788523,0.617099066,0.741383184,6.07899249,9.108581618,12.81917114,1.312713083,1.131049,3.297829688,1.698053506,0.940379908,0.95251073,0.960297005
'03-Jul-2022 09:50:00',0.408527303,0.4748379,0.612888494,0.71411701,6.642977489,9.969559485,12.36021602,1.240730667,1.238273583,2.504171167,1.445256787,0.944189764,0.956285618,0.959110145
'03-Jul-2022 10:00:00',0.456488466,0.525353473,0.690333971,0.72337947,6.52572939,9.543292409,13.15364034,1.554101667,1.213040417,4.510126667,1.590135933,0.938633679,0.949971642,0.957007585
'03-Jul-2022 10:10:00',0.445132802,0.522903088,0.667908644,0.711601858,5.969292126,9.645412449,12.6763609,1.281555,1.080831,2.092755083,1.766945715,0.932148027,0.950237696,0.956854473
'03-Jul-2022 10:20:00',0.433203151,0.508797326,0.677533923,0.790751372,5.752731518,8.921569001,11.88404041,0.933610333,1.02761425,2.598047222,1.666048954,0.933414745,0.947534319,0.953996968
'03-Jul-2022 10:30:00',0.500876097,0.589712966,0.80898825,0.856066169,5.834805742,9.377370757,13.23838066,1.1528575,1.310500667,2.070716667,1.870688108,0.925392613,0.943065506,0.951458667
'03-Jul-2022 10:40:00',0.486863191,0.572347579,0.752113768,0.771422,5.584224364,8.916418041,12.14780378,1.239090833,1.170033833,2.31788125,1.765444535,0.92431204,0.942021493,0.949601298
'03-Jul-2022 10:50:00',0.465001615,0.550030332,0.72752619,0.794834642,5.268880105,8.943325806,12.116413,0.941998583,1.10403375,1.713745167,1.918966965,0.922738614,0.944381261,0.95158998
'03-Jul-2022 11:00:00',0.757768426,0.894498257,1.232772463,0.865678188,7.097163479,10.40226902,13.99913724,1.150869083,1.322426583,3.424951458,1.540642469,0.910180152,0.924349704,0.931361343
'03-Jul-2022 11:10:00',0.943472207,1.138975908,1.582375703,0.918477872,7.61795108,11.69120999,14.28190207,1.626362583,1.406137167,2.094860333,1.441480579,0.89743167,0.915179728,0.916331056
'03-Jul-2022 11:20:00',1.127438762,1.343528956,1.880060109,0.916290296,7.022527331,11.02796523,14.97515753,1.332999417,1.317561917,3.1393375,1.754277244,0.867739325,0.89564308,0.906248159
'03-Jul-2022 11:30:00',0.942186386,1.13872543,1.581410509,0.920207775,7.098576006,10.88455514,14.76686067,0.983904167,1.04792425,3.171196667,1.674273508,0.889157262,0.909401904,0.919155987
'03-Jul-2022 11:40:00',0.784796066,0.931808247,1.271655221,0.858637831,7.055692678,10.90141403,14.34399003,1.24177475,1.333538583,2.8137975,1.625558365,0.906352429,0.924774681,0.930807344
'03-Jul-2022 11:50:00',0.789384239,0.940224596,1.295808391,0.883771045,7.324811253,11.40427906,14.55085234,1.473118667,1.443400583,4.130679167,1.565751734,0.908258612,0.926722263,0.930949756
'03-Jul-2022 12:00:00',0.780030288,0.918800604,1.263666814,0.872844556,7.332057545,11.59065068,14.09459608,1.410396917,1.422056917,2.38273375,1.513101018,0.907788144,0.929713297,0.930220742
'03-Jul-2022 12:10:00',0.499867778,0.601924622,0.852036755,0.958663492,8.157601279,11.04590824,14.4532111,1.529848,1.38163375,2.989842639,1.295078272,0.946269496,0.950364145,0.953917183
'03-Jul-2022 12:20:00',0.461356544,0.549173885,0.776590266,0.941499673,6.917079408,10.02516631,13.75158126,1.31921725,1.164746167,2.72738,1.587325946,0.940200309,0.949807103,0.95528312
'03-Jul-2022 12:30:00',0.527086683,0.631629336,0.912285321,0.983698321,7.585829584,10.67043622,13.92781391,1.382662833,1.291376417,1.709578667,1.378760732,0.939880381,0.94673937,0.949314298
'03-Jul-2022 12:40:00',0.525540118,0.624788376,0.877622619,0.922318334,6.962379129,10.72979199,14.13258847,0.846728667,1.31416325,1.916204688,1.611536432,0.934929169,0.94752135,0.951313784
'03-Jul-2022 12:50:00',13.06785359,16.05092732,17.92195902,0.76761195,8.679121684,14.28745263,20.30733232,1.916299,2.947442833,6.418201667,1.834534862,0.626685364,0.670539342,0.706486243
'03-Jul-2022 13:00:00',48.78755729,54.94113372,68.81457087,0.690091182,13.35254517,21.71366916,32.9274458,3.777563917,6.43481875,11.22582167,2.026363221,0.244374046,0.295150072,0.351438796
'03-Jul-2022 13:10:00',13.23910709,16.64263852,25.34326845,1.133501303,7.348723249,11.60931191,15.59441682,1.653341417,1.812202833,3.11394375,1.718777236,0.448537317,0.496724604,0.508514722
'03-Jul-2022 13:20:00',12.26908112,15.29839868,22.93691777,1.118363336,8.402443739,12.60771348,17.3547999,1.269328917,1.934537167,2.032469792,1.692631838,0.465896798,0.506197044,0.527928695
'03-Jul-2022 13:30:00',11.63638358,14.49810877,21.62297592,1.104062776,7.584359832,12.82168792,18.08290053,1.111566833,1.960790417,4.838218917,2.01275959,0.42233271,0.490602474,0.521368199
'03-Jul-2022 13:40:00',14.6964165,17.88800242,25.43996218,1.070037164,7.624409686,12.69359366,18.22821387,1.4961285,2.2073225,5.39472125,1.978188011,0.438551517,0.501785152,0.521305441
'03-Jul-2022 13:50:00',10.33149083,12.30678279,14.20279159,0.814272891,8.691139064,14.23499311,19.51000192,2.29704975,2.737913583,5.638135,1.79206467,0.715653427,0.75276529,0.779036988
'03-Jul-2022 14:00:00',1.811210821,2.235626561,3.172839624,0.956806683,6.70818145,10.32769115,14.71338216,1.363169917,1.499871333,1.60094,1.787249941,0.805234638,0.837533768,0.857949089
'03-Jul-2022 14:10:00',1.596054452,1.967865302,2.762775268,0.967036326,7.319954079,10.93892726,15.8682102,1.653123583,1.430359667,4.4007515,1.761557601,0.832979663,0.854393853,0.875843995
'03-Jul-2022 14:20:00',1.371206864,1.699968745,2.401244956,0.997383852,7.556303304,11.78548654,16.17753671,1.364096167,1.585643917,3.825200917,1.73854637,0.856553643,0.879689062,0.892427678
'03-Jul-2022 14:30:00',1.314581555,1.587790883,2.096348354,0.809859743,7.673398356,11.62309391,14.1661248,11.284314,10.96334658,10.02638833,1.395704388,0.86484654,0.889791152,0.902386717
'03-Jul-2022 14:40:00',11.99022636,20.10056955,35.49987322,1.751654569,53.63492187,67.55186761,75.84624615,9.679409,9.3500195,13.25973729,0.94793267,0.837609769,0.801264721,0.776418681
'03-Jul-2022 14:50:00',1.516527049,1.929567417,2.959305562,1.192715193,8.133347411,12.58027463,16.43531997,0.973022833,1.80449075,4.932558083,1.612133868,0.855660429,0.87459756,0.877098918
'03-Jul-2022 15:00:00',1.400874942,1.765519052,2.656012092,1.140842509,8.243664817,11.62914923,15.82840486,1.460880833,1.55977575,3.083985,1.474301638,0.86652665,0.874417489,0.882827082
'03-Jul-2022 15:10:00',1.402249667,1.730818289,2.560924032,1.075339785,7.677677355,11.71642777,16.32922575,1.1484565,1.7652115,3.345941917,1.72720725,0.855262636,0.87705145,0.888762168
'03-Jul-2022 15:20:00',1.175823739,1.468145462,2.192090414,1.111678774,6.764447076,10.82181514,15.96858282,1.2306715,1.4149655,5.369716667,1.966077109,0.861898847,0.885940364,0.901864039
'03-Jul-2022 15:30:00',1.179934315,1.465236038,2.173364302,1.090564114,7.69407771,10.73255416,15.31581064,1.5157445,1.788072417,5.118082292,1.579815646,0.875790572,0.886104002,0.898517427
'03-Jul-2022 15:40:00',1.132627277,1.405091097,2.076605734,1.081538232,7.003473973,11.6234855,13.9862117,0.82662575,1.561228833,2.238597917,1.589126391,0.871050137,0.89685892,0.894030607
'03-Jul-2022 15:50:00',1.050499523,1.30961603,1.937569096,1.091890309,8.721977651,11.41886481,14.40663121,1.45208025,1.583268583,2.792836111,1.150750216,0.900225293,0.902593319,0.903100085
'03-Jul-2022 16:00:00',1.007507543,1.253740659,1.864718227,1.097382924,8.295910204,11.42628617,15.20131707,1.766470833,1.560015833,2.505123125,1.384550664,0.899749258,0.906466631,0.911064899
'03-Jul-2022 16:10:00',0.984537265,1.208788692,1.714023614,0.987387415,8.462941943,11.64476185,15.05181521,1.72733625,1.678367167,4.887238889,1.309514845,0.903601186,0.910562549,0.915398854
'03-Jul-2022 16:20:00',0.899535336,1.103891416,1.576972047,1.001346492,7.880924918,10.77418224,15.07545478,1.156603583,1.398902833,2.576250833,1.495124608,0.902317261,0.910831428,0.921653425
'03-Jul-2022 16:30:00',0.811591176,0.999124172,1.43056966,1.007506054,7.176962621,10.5904609,13.74119199,1.280487583,1.186644583,2.51708375,1.487359561,0.904904361,0.918078638,0.92206938
'03-Jul-2022 16:40:00',0.879509693,1.090656961,1.589031991,1.054086728,7.915298564,11.82860542,13.79115421,1.536127083,1.486956833,2.9249115,1.270138748,0.907778792,0.919899125,0.915026862
'03-Jul-2022 16:50:00',0.828589315,1.024188561,1.4837267,1.036701296,7.312539358,11.12611455,14.47881073,1.600978583,1.537224167,2.414239167,1.553345591,0.90634865,0.920008152,0.923726806
'03-Jul-2022 17:00:00',0.821112605,1.00923775,1.455897266,1.021309467,7.007369742,10.39897504,14.87578038,0.927702083,1.4333095,3.812290833,1.709825669,0.902727295,0.915947794,0.926714728
'03-Jul-2022 17:10:00',0.899403009,1.105174625,1.597483809,1.024620626,6.670876632,10.21068336,15.05957274,1.094847,1.456225583,3.074976667,1.857600863,0.889411156,0.907070015,0.921144476
'03-Jul-2022 17:20:00',0.828272027,1.024366898,1.495535098,1.055855593,7.835060574,11.33167545,15.20357905,1.805862396,1.313117833,3.083896042,1.516242048,0.910808415,0.921430921,0.927016977
'03-Jul-2022 17:30:00',0.789995373,0.972997686,1.44142129,1.077526654,7.305697411,11.09460371,12.94494698,0.958573167,1.478030167,0.62225,1.306750597,0.910364564,0.923840082,0.91785239
'03-Jul-2022 17:40:00',1.366327787,1.658122743,2.308887344,0.936969981,7.271827191,11.28639597,13.23259323,1.353369417,1.431670833,2.324456917,1.377752608,0.852179281,0.878024899,0.874696098
'03-Jul-2022 17:50:00',0.996281236,1.225502329,1.784969276,1.042491395,7.0469126,10.29018144,14.1726566,0.983873917,1.388762333,3.317773333,1.59191826,0.885409604,0.899051052,0.908104491
'03-Jul-2022 18:00:00',1.46215187,1.785693009,2.546430438,1.000423178,6.836164798,10.58191697,14.4647678,1.10079825,1.603500583,2.684915,1.707916531,0.838603801,0.863472913,0.876971178
'03-Jul-2022 18:10:00',1.501438123,1.842767578,2.653207953,1.028667387,7.104918721,11.16939026,14.76945622,1.267745417,1.45562025,3.64495275,1.665942872,0.841079076,0.866914573,0.875263837
'03-Jul-2022 18:20:00',1.133049182,1.393080562,2.052640298,1.062978418,7.536049342,11.62682512,13.55556591,1.626548667,1.693734333,2.245995833,1.351057214,0.878612986,0.897537328,0.891925792
'03-Jul-2022 18:30:00',1.196271247,1.468941653,2.22665129,1.11004573,8.723539611,11.8357116,15.69399914,1.328856917,1.413743667,2.585115167,1.342860824,0.887712652,0.894523614,0.898586477
'03-Jul-2022 18:40:00',1.147641835,1.424480834,2.247910101,1.206255171,8.734220795,13.57748275,15.46732859,1.130754833,1.791359,2.520274861,1.319365751,0.89386297,0.910342566,0.898299916
'03-Jul-2022 18:50:00',1.87533041,2.266710084,3.211820333,0.992130954,8.946239552,12.13472146,15.11953325,1.514253917,1.606660833,2.71506375,1.197884662,0.837149688,0.848572341,0.852303227
'03-Jul-2022 19:00:00',1.158924298,1.39993785,2.030278331,1.024806001,7.378147047,10.54282224,14.26754052,1.012759375,1.296410667,3.396384028,1.513425792,0.877380006,0.890497381,0.898814362
'03-Jul-2022 19:10:00',0.707780612,0.875126775,1.323691296,1.1213845,6.798080339,9.734429857,13.2891785,1.082524,1.291221667,1.873679167,1.518310838,0.91379323,0.922056909,0.926806366
'03-Jul-2022 19:20:00',0.901098443,1.109396441,1.652480012,1.084176244,7.50293101,11.62171282,14.31110181,1.45163575,1.433838583,2.013373889,1.470648335,0.901848904,0.917425696,0.915711236
'03-Jul-2022 19:30:00',1.244734793,1.523479571,2.315689971,1.113095955,9.326711189,12.67994464,16.98534094,1.771084167,1.670714917,2.778400167,1.354335093,0.891933268,0.898549904,0.902360723
'03-Jul-2022 19:40:00',1.400396084,1.704619987,2.506190839,1.045739761,8.66462101,12.53352763,16.4434927,1.672961917,1.54895425,3.537722222,1.453011713,0.871973584,0.886327255,0.890707553
'03-Jul-2022 19:50:00',1.618966356,1.981375511,2.857776375,1.014325773,8.37171221,13.17002597,15.80236002,1.591109167,1.666632917,4.181947917,1.447876814,0.849756361,0.875214066,0.8717757
'03-Jul-2022 20:00:00',1.715746187,2.096881164,3.071912233,1.042419492,8.64788002,13.61190728,18.94256707,1.485898917,1.799681833,3.134939917,1.782876078,0.845620991,0.872962008,0.884051468
'03-Jul-2022 20:10:00',1.082592386,1.3171751,1.933929296,1.038077339,9.084337973,12.8772021,16.35472832,1.537500417,1.519375417,1.987644792,1.350096073,0.90181478,0.912066998,0.913337277
'03-Jul-2022 20:20:00',1.416917744,1.715078765,2.432536722,0.966797238,8.291452444,12.51861024,17.46534602,1.74083525,1.524557083,4.232960417,1.697008784,0.864380957,0.885331467,0.897428706
'03-Jul-2022 20:30:00',1.654371253,2.000357323,2.810536003,0.950268474,8.222547318,13.73070244,18.76113087,1.30845425,1.820251917,3.562645833,1.879676863,0.844417766,0.879231863,0.891267363
'03-Jul-2022 20:40:00',1.764606133,2.119968669,2.967237958,0.929551219,10.11834314,14.15104559,18.97100695,1.988127833,1.594514,1.914282292,1.423414841,0.861425474,0.875512254,0.886077824
'03-Jul-2022 20:50:00',1.427128619,1.731317451,2.482620948,0.989271376,10.2895498,15.21067941,19.53600069,1.764308333,1.699188583,2.776810333,1.462305795,0.886617029,0.902772741,0.90610825
'03-Jul-2022 21:00:00',1.214019437,1.479688822,2.176806655,1.045685266,10.16316307,15.64240942,20.77470824,1.94755875,2.056102917,2.031580104,1.624556137,0.901855428,0.91803794,0.92215278
'03-Jul-2022 21:10:00',1.054381973,1.297831323,1.939448625,1.090152237,10.1355828,15.83990846,21.80679399,1.592187583,2.037510333,4.342466167,1.739841429,0.913562467,0.928392514,0.933894981
'03-Jul-2022 21:20:00',0.876601818,1.072110281,1.559938652,1.029930859,9.002187596,14.52318288,20.70589243,1.407215917,1.845935167,4.159503167,1.894398426,0.918130495,0.934828102,0.942755441
'03-Jul-2022 21:30:00',1.004997417,1.222012648,1.804418044,1.050638948,10.5143052,16.36630015,21.91762152,1.8422555,1.954028917,2.745061667,1.690343297,0.919114366,0.934218695,0.938018542
'03-Jul-2022 21:40:00',1.08471422,1.329400272,1.972228849,1.069643545,10.63140054,17.44010666,24.28165281,1.833978083,2.033055417,4.9136735,1.878675058,0.914743874,0.932833408,0.938903807
'03-Jul-2022 21:50:00',1.286259142,1.615463482,2.543580394,1.215393888,15.05153539,23.91478947,32.38209533,2.7586375,3.323665833,4.2364925,1.738566615,0.928698344,0.940659317,0.942645353
'03-Jul-2022 22:00:00',1.851629575,2.285544308,3.445551888,1.12987938,14.0299959,22.90587297,31.99248988,2.498635583,2.965083333,6.745569063,1.870860297,0.893687516,0.914806355,0.921792725
'03-Jul-2022 22:10:00',1.888540498,2.303458041,3.441818298,1.078492604,14.06022342,23.57791081,30.39799544,2.196956333,2.76136,2.470834917,1.758689611,0.89151297,0.916076979,0.91721172
'03-Jul-2022 22:20:00',1.303831942,1.595187188,2.468707627,1.143124148,15.8133192,24.84679128,34.45180409,2.956983,3.223905833,3.335429167,1.760355359,0.929614257,0.942163746,0.945726827
'03-Jul-2022 22:30:00',1.751399726,2.23630755,3.674075191,1.300873996,23.50539663,39.65143137,57.43115564,4.692395833,5.786266667,7.236388333,1.999962942,0.9373631,0.949851791,0.953403748
'03-Jul-2022 22:40:00',2.036129229,2.602760221,4.279940621,1.328650729,26.74876698,46.47818742,66.57659625,5.451808333,7.095258333,10.83167058,2.055467452,0.936348035,0.950170453,0.953030179
'03-Jul-2022 22:50:00',1.709751309,2.133900635,3.390424609,1.211747105,21.06431112,35.43264482,49.72251369,4.04653575,4.686405833,8.716853333,1.933221589,0.931354911,0.946324274,0.949218923
'03-Jul-2022 23:00:00',1.26676578,1.552465711,2.366302125,1.120991373,14.54449536,23.3627261,32.53143765,2.391124917,2.843830667,4.359383833,1.826018455,0.926926361,0.941245903,0.94553482
'03-Jul-2022 23:10:00',1.544707784,1.913168742,2.950930588,1.160623906,17.51079042,28.94067505,40.50572637,3.1550075,3.372431667,5.964413333,1.900854422,0.92604019,0.941457274,0.945599775
'03-Jul-2022 23:20:00',1.546474194,1.917243443,2.955432905,1.160447346,18.30775116,28.36417499,39.74458935,3.373851667,3.593383333,5.488032583,1.757021587,0.929079934,0.940356358,0.944812672
'03-Jul-2022 23:30:00',1.721113928,2.144698356,3.334847088,1.182828776,18.91985043,30.6843617,44.54073749,3.237231777,4.167010645,5.647977636,1.940986365,0.923444597,0.937977344,0.944272211
'03-Jul-2022 23:40:00',1.745714143,2.155855101,3.312324808,1.148198463,19.05714068,31.34628727,43.96808544,3.386062425,4.083617687,5.664436848,1.899201952,0.923520956,0.939312201,0.944028302
'03-Jul-2022 23:50:00',1.731237682,2.126510378,3.265584951,1.13892775,17.46506138,29.45428734,40.67896819,3.21504452,3.543824629,5.938853712,1.922512534,0.917775041,0.936565055,0.940498223
'04-Jul-2022 00:00:00',1.754893417,2.152595043,3.269003947,1.115865723,17.84914532,28.1774578,39.45656725,2.906183727,3.461915833,4.78185116,1.801196158,0.918154249,0.933008086,0.93843217
